date,value
2013-12-27,2.051532661695
2013-12-30,2.0460934951851
2013-12-31,2.0351865271636
2014-01-02,0.52472286017722
2014-01-03,0.52167613851064
2014-01-06,0.5185984310946
2014-01-07,0.51554227073197
2014-01-08,0.51308116809902
2014-01-09,0.83393314667142
2014-01-10,0.83195979539528
2014-01-13,0.83485000992561
2014-01-14,0.83245441561505
2014-01-15,0.83025711529214
2014-01-16,0.75035290401546
2014-01-17,0.74830261280288
2014-01-21,0.74513669403535
2014-01-22,0.74346707375694
2014-01-23,0.5228904585306
2014-01-24,0.520252111413
2014-01-27,0.51965479290975
2014-01-28,0.51872631061005
2014-01-29,0.51585959383934
2014-01-30,-0.52270380258111
2014-01-31,-0.52101175842081
2014-02-03,-0.5209118507637
2014-02-04,-0.52350428064607
2014-02-05,-0.52811250763496
2014-02-06,-1.0818098707085
2014-02-07,-1.0890743646318
2014-02-10,-1.0926038415269
2014-02-11,-1.0915435006488
2014-02-12,-1.0872661536458
2014-02-13,0.4090805599093
2014-02-14,0.40997899086814
2014-02-18,0.40763377040315
2014-02-19,0.40467745285838
2014-02-20,0.86567702110394
2014-02-21,0.86220467490528
2014-02-24,0.85926916521153
2014-02-25,0.85584942841965
2014-02-26,0.85365188081943
2014-02-27,0.79113058936229
2014-02-28,0.79008724010685
2014-03-03,0.78770339899467
2014-03-04,0.78441641293482
2014-03-05,0.78311349432872
2014-03-06,0.45003366243334
2014-03-07,0.44955143647143
2014-03-10,0.44763839156646
2014-03-11,0.44671233043538
2014-03-12,0.44570119418674
2014-03-13,0.49116673508716
2014-03-14,0.48915036810779
2014-03-17,0.49152601457053
2014-03-18,0.49160950685058
2014-03-19,0.49274581117197
2014-03-20,0.21577741516188
2014-03-21,0.21412777697941
2014-03-24,0.21115849492224
2014-03-25,0.20909689846497
2014-03-26,0.2077273767948
2014-03-27,-0.36737696726283
2014-03-28,-0.36633197295015
2014-03-31,-0.36409692828942
2014-04-01,-0.36364216035663
2014-04-02,-0.36445629351252
2014-04-03,0.064850171931209
2014-04-04,0.065413059881116
2014-04-07,0.06689806893504
2014-04-08,0.066237336957033
2014-04-09,0.066832761568048
2014-04-10,-0.94291200852477
2014-04-11,-0.94156020593812
2014-04-14,-0.93886703753387
2014-04-15,-0.94410914622651
2014-04-16,-0.94362522982945
2014-04-17,-1.0443525027508
2014-04-21,-1.0406569394797
2014-04-22,-1.0384200866721
2014-04-23,-1.0420025341956
2014-04-24,0.05992236087595
2014-04-25,0.058944944387952
2014-04-28,0.056012155351319
2014-04-29,0.055752813166875
2014-04-30,0.053478282514866
2014-05-01,-0.5352268103255
2014-05-02,-0.53802290388384
2014-05-05,-0.54584583033705
2014-05-06,-0.5484533764962
2014-05-07,-0.54661711329608
2014-05-08,-0.59054321718615
2014-05-09,-0.5878907699157
2014-05-12,-0.5860901776723
2014-05-13,-0.58332985004933
2014-05-14,-0.58063574781301
2014-05-15,0.21514028671915
2014-05-16,0.21848345004086
2014-05-19,0.21977111425811
2014-05-20,0.22302956096262
2014-05-21,0.22257794083108
2014-05-22,-0.25259291784081
2014-05-23,-0.25007902173584
2014-05-27,-0.24689731597342
2014-05-28,-0.24441014657514
2014-05-29,0.44942724567001
2014-05-30,0.45355159038128
2014-06-02,0.4594803118564
2014-06-03,0.46296623714398
2014-06-04,0.46468447059316
2014-06-05,0.76779745739482
2014-06-06,0.76980356312079
2014-06-09,0.77117156543632
2014-06-10,0.77212814833331
2014-06-11,0.76933869181157
2014-06-12,1.2316523823281
2014-06-13,1.2269243910839
2014-06-16,1.2223199662481
2014-06-17,1.2175588691737
2014-06-18,1.2139514360634
2014-06-19,0.27882256220813
2014-06-20,0.27885711996874
2014-06-23,0.2774158634002
2014-06-24,0.27682572188922
2014-06-25,0.27570977007252
2014-06-26,0.65679080350826
2014-06-27,0.65371097893412
2014-06-30,0.65065699363126
2014-07-01,0.64790072898481
2014-07-02,0.64523216184159
2014-07-03,0.64142136301304
2014-07-07,0.63911001830656
2014-07-08,0.63763815380879
2014-07-09,0.63784885580762
2014-07-10,0.092559450245726
2014-07-11,0.092599486168777
2014-07-14,0.09220982604023
2014-07-15,0.087876997839743
2014-07-16,0.084956927717725
2014-07-17,-0.31003041500752
2014-07-18,-0.31157107717787
2014-07-21,-0.31117898541501
2014-07-22,-0.31388745719255
2014-07-23,-0.31678248838997
2014-07-24,-0.64845374388773
2014-07-25,-0.65229663779814
2014-07-28,-0.65495781923551
2014-07-29,-0.65418837753149
2014-07-30,-0.65382561033669
2014-07-31,-0.62702704815831
2014-08-01,-0.6251699412575
2014-08-04,-0.6223622215049
2014-08-05,-0.62046697659096
2014-08-06,-0.62177941495058
2014-08-07,-1.195753977993
2014-08-08,-1.192458263235
2014-08-11,-1.1886473543565
2014-08-12,-1.185044910464
2014-08-13,-1.1807851939605
2014-08-14,0.39468038194728
2014-08-15,0.39899114357576
2014-08-18,0.40121674672793
2014-08-19,0.40491335711671
2014-08-20,0.40606801101175
2014-08-21,1.1657298095214
2014-08-22,1.1636716905609
2014-08-25,1.1616473704785
2014-08-26,1.1600604045996
2014-08-27,1.1573297487396
2014-08-28,1.9535209710314
2014-08-29,1.9439133585604
2014-09-02,1.9352319581955
2014-09-03,1.9247342960029
2014-09-04,0.99217885144223
2014-09-05,0.98828265245522
2014-09-08,0.98449908210223
2014-09-09,0.98144102096933
2014-09-10,0.9783481885584
2014-09-11,0.43574315066554
2014-09-12,0.43295939393657
2014-09-15,0.42986210388729
2014-09-16,0.42664153420315
2014-09-17,0.42440189906543
2014-09-18,0.85324634823401
2014-09-19,0.85024052267747
2014-09-22,0.84694977601472
2014-09-23,0.84351789823937
2014-09-24,0.84100703825749
2014-09-25,0.38825714016848
2014-09-26,0.38576280982251
2014-09-29,0.3849946880797
2014-09-30,0.38417192414118
2014-10-01,0.38463791673101
2014-10-02,-0.34236899640691
2014-10-03,-0.34321341818581
2014-10-06,-0.34340053260346
2014-10-07,-0.34354341790131
2014-10-08,-0.34446051394086
2014-10-09,0.0047849687688504
2014-10-10,-0.86651619381984
2014-10-13,-1.2658323253733
2014-10-14,-1.2069420161941
2014-10-15,-1.2052425537864
2014-10-16,-1.1882544726468
2014-10-17,-1.3522045848405
2014-10-20,-1.2755148255658
2014-10-21,-1.2914034684038
2014-10-22,-1.3726385548495
2014-10-23,-0.52498888182231
2014-10-24,-0.33950013322446
2014-10-27,-0.0027825812080238
2014-10-28,0.027530802017647
2014-10-29,0.18706502898639
2014-10-30,0.26047980446262
2014-10-31,0.51368309768484
2014-11-03,0.53446857684079
2014-11-04,0.61435351114656
2014-11-05,0.75933101852315
2014-11-06,1.0805623845576
2014-11-07,1.0418117299785
2014-11-10,0.98550286315536
2014-11-11,0.98272340496666
2014-11-12,1.1095564631423
2014-11-13,1.1500543936417
2014-11-14,1.0543571271335
2014-11-17,1.0488720415674
2014-11-18,1.0500665028587
2014-11-19,1.0170423490665
2014-11-20,0.4434631441935
2014-11-21,0.56257412667529
2014-11-24,0.71813007501021
2014-11-25,0.72144465001999
2014-11-26,0.70056960061424
2014-11-27,0.94134295332044
2014-11-28,0.85218599141737
2014-12-01,0.80543181641367
2014-12-02,0.62536158736483
2014-12-03,0.6826951189214
2014-12-04,0.019200487743646
2014-12-05,-0.023830160937446
2014-12-08,-0.20020394139847
2014-12-09,-0.35753808303482
2014-12-10,-0.34395163271447
2014-12-11,-0.19608625537513
2014-12-12,-0.21862643935255
2014-12-15,-0.25292933654445
2014-12-16,-0.16095706502109
2014-12-17,-0.43396097749403
2014-12-18,-0.69252922062058
2014-12-19,-0.59930110618072
2014-12-22,-0.4232673292524
2014-12-23,-0.308523554903
2014-12-24,-0.26617435916409
2014-12-25,0.53688910873047
2014-12-26,0.68842416177179
2014-12-29,0.85133582049504
2014-12-30,0.88255025099198
2014-12-31,0.90174461769565
2015-01-01,0.91102769935535
2015-01-02,0.91838401750796
2015-01-05,0.64541607856883
2015-01-06,0.50537302680916
2015-01-07,0.37208703599379
2015-01-08,-0.36601971884718
2015-01-09,-0.42367983468484
2015-01-12,-0.61833092987795
2015-01-13,-0.64488821424884
2015-01-14,-0.74234548290675
2015-01-15,-0.35130601453814
2015-01-16,-0.16334518982752
2015-01-20,0.094460017729025
2015-01-21,0.12007642458292
2015-01-22,-0.59730201787556
2015-01-23,-0.84880476488195
2015-01-26,-0.79211281248637
2015-01-27,-0.80656786920973
2015-01-28,-0.84486910416129
2015-01-29,-0.23063351967312
2015-01-30,-0.29310646593778
2015-02-02,-0.37978662094619
2015-02-03,-0.46550550312804
2015-02-04,-0.39373477876268
2015-02-05,-1.1128029472104
2015-02-06,-0.95878090249454
2015-02-09,-1.0547602853116
2015-02-10,-0.98226825296427
2015-02-11,-0.97365381635247
2015-02-12,-0.161165731493
2015-02-13,-0.063468513279486
2015-02-17,-0.00054034768863614
2015-02-18,-0.0076139847414178
2015-02-19,0.39408506295198
2015-02-20,0.48923729967687
2015-02-23,0.5729153011971
2015-02-24,0.60968802159385
2015-02-25,0.58791947918435
2015-02-26,0.39023450522515
2015-02-27,0.29898008465608
2015-03-02,0.26684385239044
2015-03-03,0.24648007499329
2015-03-04,0.27356572947366
2015-03-05,-0.10285032400423
2015-03-06,-0.39231709360244
2015-03-09,-0.53164955837901
2015-03-10,-0.58167051413357
2015-03-11,-0.64259279713202
2015-03-12,-1.0604661662479
2015-03-13,-1.1655953103633
2015-03-16,-1.1605085302258
2015-03-17,-1.1382753204165
2015-03-18,-1.1735310804933
2015-03-19,-1.5472008489912
2015-03-20,-1.2725452135074
2015-03-23,-1.1364205365565
2015-03-24,-1.1040155481169
2015-03-25,-1.0831650838748
2015-03-26,-0.31704052728615
2015-03-27,-0.23675995772331
2015-03-30,-0.18548436794507
2015-03-31,-0.26001359852305
2015-04-01,-0.35108890725199
2015-04-02,-0.89651470751202
2015-04-06,-0.93671231950807
2015-04-07,-1.0113339228921
2015-04-08,-0.96695656194753
2015-04-09,-0.90535133235027
2015-04-10,-0.84491125039777
2015-04-13,-0.74732407976588
2015-04-14,-0.83724207672806
2015-04-15,-0.67239626408444
2015-04-16,-0.31462627895768
2015-04-17,-0.31973575541525
2015-04-20,-0.27777321825388
2015-04-21,-0.22404912477465
2015-04-22,-0.22148476446033
2015-04-23,-0.26351839308908
2015-04-24,-0.21524867255082
2015-04-27,-0.211547999822
2015-04-28,-0.11628105869438
2015-04-29,-0.20936866514809
2015-04-30,-0.29217953736275
2015-05-01,-0.20795840953775
2015-05-04,-0.2987782163768
2015-05-05,-0.49196985650927
2015-05-06,-0.53621322170585
2015-05-07,-0.87472851316775
2015-05-08,-0.92855584941747
2015-05-11,-0.74321109864101
2015-05-12,-0.82636079054086
2015-05-13,-0.77807487707842
2015-05-14,-0.61940523800252
2015-05-15,-0.5373822976965
2015-05-18,-0.54618435765453
2015-05-19,-0.42411163427249
2015-05-20,-0.32531718516613
2015-05-21,-0.32609651681652
2015-05-22,-0.34303522321966
2015-05-26,-0.67440829821276
2015-05-27,-0.67962867647087
2015-05-28,-0.73187544873217
2015-05-29,-0.94456667759241
2015-06-01,-0.96025567089351
2015-06-02,-0.94760701999036
2015-06-03,-0.88258924849567
2015-06-04,-1.0276302951001
2015-06-05,-1.096610075385
2015-06-08,-1.170149763284
2015-06-09,-1.0344304075766
2015-06-10,-0.77527820747736
2015-06-11,-1.3276289305994
2015-06-12,-1.2655445011548
2015-06-15,-1.2840533478745
2015-06-16,-1.165780310786
2015-06-17,-1.1246184287398
2015-06-18,-0.79627862884962
2015-06-19,-0.72668862384305
2015-06-22,-0.65409462325244
2015-06-23,-0.69653811221399
2015-06-24,-0.8667090935058
2015-06-25,-0.0099272619074686
2015-06-26,-0.013298676006035
2015-06-29,-0.31530263915716
2015-06-30,-0.53033312904873
2015-07-01,-0.71318530111622
2015-07-02,-1.9419506754263
2015-07-06,-2.0656935503125
2015-07-07,-2.2678072123868
2015-07-08,-2.541788612975
2015-07-09,-2.1891838858698
2015-07-10,-2.1359279692138
2015-07-13,-1.8342392462108
2015-07-14,-1.5841680455576
2015-07-15,-1.5006404595789
2015-07-16,-0.94934222276917
2015-07-17,-0.85761184043699
2015-07-20,-0.7141863275269
2015-07-21,-0.51925614475299
2015-07-22,-0.16762642768927
2015-07-23,-0.11829819669116
2015-07-24,-0.34421560483632
2015-07-27,-0.72077127134134
2015-07-28,-0.69545979782473
2015-07-29,-0.65294072239058
2015-07-30,-1.7432425266361
2015-07-31,-1.8798755095103
2015-08-03,-1.9001341386672
2015-08-04,-1.8970371461434
2015-08-05,-1.9576462178503
2015-08-06,-1.583704206473
2015-08-07,-1.4728294720941
2015-08-10,-1.0861570406616
2015-08-11,-1.1799761077338
2015-08-12,-1.2561928268196
2015-08-13,-1.2980616217618
2015-08-14,-1.2359557577982
2015-08-17,-1.1856719066098
2015-08-18,-1.1921220716857
2015-08-19,-1.2673828921703
2015-08-20,-1.3191865678041
2015-08-21,-1.5822594347227
2015-08-24,-1.9879426714871
2015-08-25,-2.0598689180419
2015-08-26,-2.0466393536188
2015-08-27,-2.1342747327119
2015-08-28,-2.2652219151283
2015-08-31,-2.4063426946104
2015-09-01,-2.5402145374451
2015-09-02,-2.6147267756809
2015-09-03,-2.2055717019422
2015-09-04,-2.0742408143947
2015-09-08,-1.875620015876
2015-09-09,-1.748896787304
2015-09-10,-1.8566702956494
2015-09-11,-1.8476841644439
2015-09-14,-1.7093489307401
2015-09-15,-1.6885606035375
2015-09-16,-1.6579757778702
2015-09-17,-1.2681695383577
2015-09-18,-1.2711516025429
2015-09-21,-1.0279614873734
2015-09-22,-1.1375807277744
2015-09-23,-1.1428495345758
2015-09-24,-1.0894219529085
2015-09-25,-1.1295738634147
2015-09-28,-1.3245588838487
2015-09-29,-1.4144111694384
2015-09-30,-1.2333751615367
2015-10-01,-1.8822355568522
2015-10-02,-1.8481547614566
2015-10-05,-1.8434131301823
2015-10-06,-1.724780182673
2015-10-07,-1.7358607670762
2015-10-08,-0.81887918297485
2015-10-09,-0.61216009412938
2015-10-12,-0.37349109539678
2015-10-13,-0.14854038368435
2015-10-14,-0.2045780020786
2015-10-15,-0.36798053030784
2015-10-16,-0.26166659090687
2015-10-19,-0.20273342743082
2015-10-20,-0.22894600476651
2015-10-21,-0.16460915443454
2015-10-22,0.0047653151601071
2015-10-23,0.055313478209162
2015-10-26,0.053286722643448
2015-10-27,0.012284634458153
2015-10-28,0.10505718250469
2015-10-29,0.6049650889283
2015-10-30,0.56779604042136
2015-11-02,0.5737333271845
2015-11-03,0.59394273912267
2015-11-04,0.57584334068064
2015-11-05,0.5298530597416
2015-11-06,0.40119261817697
2015-11-09,0.33045749013483
2015-11-10,0.3256401454259
2015-11-11,0.27281572711475
2015-11-12,-0.28252533253683
2015-11-13,-0.38216007557468
2015-11-16,-0.3804265220536
2015-11-17,-0.34551980398344
2015-11-18,-0.35408328742271
2015-11-19,-0.76250842622025
2015-11-20,-0.71207565197343
2015-11-23,-0.67616692459817
2015-11-24,-0.70218509652591
2015-11-25,-0.77665513180972
2015-11-26,-0.51827919614532
2015-11-27,-0.46718293188717
2015-11-30,-0.46961790197009
2015-12-01,-0.55983331305371
2015-12-02,-0.63529494553254
2015-12-03,-0.59891267859449
2015-12-04,-0.57200107107442
2015-12-07,-0.60355357385995
2015-12-08,-0.62516726471926
2015-12-09,-0.5590788023928
2015-12-10,-1.0638417720898
2015-12-11,-1.0402703460577
2015-12-14,-0.90970662135098
2015-12-15,-0.81341506242272
2015-12-16,-0.66829439724463
2015-12-17,-1.1840356465165
2015-12-18,-1.2396680456213
2015-12-21,-1.1504239869227
2015-12-22,-1.0656922161272
2015-12-23,-1.015225055355
2015-12-24,-0.41239615837437
2015-12-28,-0.52270801070153
2015-12-29,-0.47215537999099
2015-12-30,-0.52797585192368
2015-12-31,-0.39857070995
2016-01-04,-0.44686826662688
2016-01-05,-0.42806922714114
2016-01-06,-0.52372412552933
2016-01-07,-1.4875220544255
2016-01-08,-1.7415077440224
2016-01-11,-1.8434270401858
2016-01-12,-1.6827926583103
2016-01-13,-1.8760173403352
2016-01-14,-2.34181845947
2016-01-15,-2.5779059587934
2016-01-19,-2.4632591183062
2016-01-20,-2.5390661161942
2016-01-21,-2.5387269608796
2016-01-22,-2.3771236415529
2016-01-25,-2.1956860917748
2016-01-26,-2.0487594345876
2016-01-27,-1.9977541467342
2016-01-28,-1.1699422914861
2016-01-29,-1.1080705554897
2016-02-01,-0.83965411221556
2016-02-02,-0.90727553128345
2016-02-03,-0.73047469853991
2016-02-04,-0.52909880073343
2016-02-05,-0.45416963881809
2016-02-08,-0.52283860027764
2016-02-09,-0.54105330570832
2016-02-10,-0.61257131358021
2016-02-11,-1.4918413487437
2016-02-12,-1.4821496863529
2016-02-16,-1.4302305783715
2016-02-17,-1.4641939908144
2016-02-18,-0.86926614331581
2016-02-19,-0.92962955509061
2016-02-22,-0.90913522389093
2016-02-23,-0.88319711707744
2016-02-24,-0.94953027269716
2016-02-25,-0.49176749894169
2016-02-26,-0.51083365449504
2016-02-29,-0.66651928855804
2016-03-01,-0.6310560866499
2016-03-02,-0.45276082965814
2016-03-03,-0.17547289575995
2016-03-04,-0.051680129415934
2016-03-07,0.00033875619947116
2016-03-08,0.079916784925404
2016-03-09,0.1540326530903
2016-03-10,0.49794950117385
2016-03-11,0.49394411236506
2016-03-14,0.6624854866137
2016-03-15,0.65797001431811
2016-03-16,0.60302642932709
2016-03-17,0.2910228925258
2016-03-18,0.32593217205445
2016-03-21,0.3046975539165
2016-03-22,0.25538097890149
2016-03-23,0.18886650479171
2016-03-24,0.40609244913851
2016-03-28,0.53513866329902
2016-03-29,0.50123371711087
2016-03-30,0.37200898760299
2016-03-31,-0.085884283471949
2016-04-01,-0.24240269514307
2016-04-04,-0.34821648931215
2016-04-05,-0.48183662211787
2016-04-06,-0.43598588755869
2016-04-07,-0.082050477520487
2016-04-08,-0.047963392595046
2016-04-11,-0.098744766074095
2016-04-12,-0.076034801084523
2016-04-13,0.21861126349467
2016-04-14,0.095779275979747
2016-04-15,0.1868702572295
2016-04-18,0.18113749931945
2016-04-19,0.47142657603624
2016-04-20,0.53316859854007
2016-04-21,0.68960278110149
2016-04-22,0.70031205095321
2016-04-25,0.76222339595758
2016-04-26,0.83470857976405
2016-04-27,0.60160294582024
2016-04-28,0.1252739755657
2016-04-29,-0.078521744071891
2016-05-02,-0.13435777333076
2016-05-03,-0.406287054803
2016-05-04,-0.52442318284869
2016-05-05,-0.78998823153732
2016-05-06,-0.90716647938294
2016-05-09,-1.1210250688614
2016-05-10,-1.2701254126579
2016-05-11,-1.2139488429506
2016-05-12,-1.4729460751198
2016-05-13,-1.460715550085
2016-05-16,-1.2792926617734
2016-05-17,-1.3366716056798
2016-05-18,-1.29221509475
2016-05-19,-1.5237774709883
2016-05-20,-1.4327945424127
2016-05-23,-1.3532914168517
2016-05-24,-1.3136803465646
2016-05-25,-1.3309977741606
2016-05-26,-1.0145477566634
2016-05-27,-0.86747815132923
2016-05-31,-0.954870633442
2016-06-01,-0.85270845145139
2016-06-02,-0.32789123942862
2016-06-03,-0.040570487908368
2016-06-06,0.13803318497339
2016-06-07,0.23575714646397
2016-06-08,0.3284572682815
2016-06-09,0.31066094357175
2016-06-10,0.22139737447253
2016-06-13,0.21484798836922
2016-06-14,0.15999706793222
2016-06-15,0.086986335510146
2016-06-16,-0.63871271432928
2016-06-17,-0.77447027116476
2016-06-20,-0.924196548758
2016-06-21,-1.0192668147572
2016-06-22,-1.1274001380503
2016-06-23,-1.3750616850535
2016-06-24,-1.4638546056635
2016-06-27,-1.6888524101915
2016-06-28,-1.7487631464217
2016-06-29,-1.7392321722136
2016-06-30,-1.3197085198513
2016-07-01,-1.1958817405397
2016-07-05,-1.3442502923167
2016-07-06,-1.3373212060926
2016-07-07,-0.90271660926074
2016-07-08,-0.56118848995375
2016-07-11,-0.26365140008572
2016-07-12,0.04571084287893
2016-07-13,0.20093431921348
2016-07-14,0.82769814049943
2016-07-15,1.0606271032996
2016-07-18,1.0588912579795
2016-07-19,1.2530472321001
2016-07-20,1.3831366513038
2016-07-21,1.190001579457
2016-07-22,1.1310235004574
2016-07-25,1.0359979597304
2016-07-26,0.95423094439197
2016-07-27,0.93262313729555
2016-07-28,0.55102647613945
2016-07-29,0.33753373347668
2016-08-01,0.076151480029695
2016-08-02,-0.064516941135377
2016-08-03,-0.15677459973139
2016-08-04,-0.13964389882196
2016-08-05,-0.20165081821278
2016-08-08,-0.24539477594107
2016-08-09,-0.23902932438282
2016-08-10,-0.20813035713942
2016-08-11,-0.18300323466572
2016-08-12,0.084730068705067
2016-08-15,0.43080954567222
2016-08-16,0.50465957217243
2016-08-17,0.53029010834646
2016-08-18,0.74170557379646
2016-08-19,0.79145758855463
2016-08-22,0.84115509652661
2016-08-23,0.87228195387326
2016-08-24,0.83716742066492
2016-08-25,0.37413216860042
2016-08-26,0.20658583373959
2016-08-29,0.11739148101378
2016-08-30,0.15468282193091
2016-08-31,-0.025400053529715
2016-09-01,-0.21420105615177
2016-09-02,-0.28508826022715
2016-09-06,-0.26557280637652
2016-09-07,-0.28186511181026
2016-09-08,-0.14972103354371
2016-09-09,-0.16626393076425
2016-09-12,-0.14033659795069
2016-09-13,-0.1686069964554
2016-09-14,-0.23913532541577
2016-09-15,-0.36038225014327
2016-09-16,-0.3518392000362
2016-09-19,-0.245948089517
2016-09-20,-0.31077625948192
2016-09-21,-0.37583454281372
2016-09-22,-0.57575952480053
2016-09-23,-0.49397626214305
2016-09-26,-0.58307944559247
2016-09-27,-0.58734313421686
2016-09-28,-0.46998956362961
2016-09-29,-0.57753908148456
2016-09-30,-0.58192864550151
2016-10-03,-0.74484101643887
2016-10-04,-0.69378988898575
2016-10-05,-0.55150402242519
2016-10-06,-0.059200686350011
2016-10-07,-0.13933082894876
2016-10-10,-0.0052720070114955
2016-10-11,-0.085663182205221
2016-10-12,-0.18496078423321
2016-10-13,-0.47587276444942
2016-10-14,-0.43261016627373
2016-10-17,-0.37702765833964
2016-10-18,-0.42028313548848
2016-10-19,-0.53158916651187
2016-10-20,-0.73655058333512
2016-10-21,-0.60412376687785
2016-10-24,-0.60210021217839
2016-10-25,-0.50695874749316
2016-10-26,-0.40525722174742
2016-10-27,-0.14722311924447
2016-10-28,-0.25103252536751
2016-10-31,-0.30457309260215
2016-11-01,-0.58940765291318
2016-11-02,-0.81175593759679
2016-11-03,-0.98548668381829
2016-11-04,-1.2312385938377
2016-11-07,-1.4067357475547
2016-11-08,-1.7145663122336
2016-11-09,-1.808319793946
2016-11-10,-1.0388545126552
2016-11-11,-0.99919080818435
2016-11-14,-0.89453488706642
2016-11-15,-0.57305234498827
2016-11-16,-0.3928145203958
2016-11-17,0.22361217313526
2016-11-18,0.48636879971119
2016-11-21,0.71927779801503
2016-11-22,1.0151681248632
2016-11-23,1.0862746871613
2016-11-24,1.4004642936374
2016-11-25,1.4568124029264
2016-11-28,1.5495695892115
2016-11-29,1.5149159438973
2016-11-30,1.5166521370424
2016-12-01,1.1897175835569
2016-12-02,1.1574727177527
2016-12-05,1.2039622315835
2016-12-06,1.2091074829664
2016-12-07,1.3044781069086
2016-12-08,1.3469564115143
2016-12-09,1.3329176891452
2016-12-12,1.4023364307553
2016-12-13,1.6111641700721
2016-12-14,1.6039390729695
2016-12-15,1.482777983314
2016-12-16,1.4821799776988
2016-12-19,1.2952712304516
2016-12-20,1.2310998669987
2016-12-21,1.1858165346331
2016-12-22,1.2344715947769
2016-12-23,1.2147089164179
2016-12-27,1.0903083027138
2016-12-28,0.91380256250649
2016-12-29,1.0777313751044
2016-12-30,0.94144846998192
2017-01-03,0.90479506208035
2017-01-04,1.0848513796638
2017-01-05,1.0017764343446
2017-01-06,0.9702012101005
2017-01-09,0.90316715318784
2017-01-10,0.8831029203753
2017-01-11,0.98599857106846
2017-01-12,0.71240724035128
2017-01-13,0.72563539765414
2017-01-17,0.80971285010289
2017-01-18,0.75881365665597
2017-01-19,0.19570561561063
2017-01-20,0.28927368038848
2017-01-23,0.30064264728054
2017-01-24,0.44083126022014
2017-01-25,0.53941676938401
2017-01-26,0.25753719431318
2017-01-27,0.29855263070359
2017-01-30,0.19330899182471
2017-01-31,0.14672160864617
2017-02-01,0.24059335352386
2017-02-02,0.3093150682334
2017-02-03,0.44812238375524
2017-02-06,0.38807290761274
2017-02-07,0.18866717627651
2017-02-08,0.042296602599429
2017-02-09,0.41749590502222
2017-02-10,0.43064953545749
2017-02-13,0.68860573375373
2017-02-14,0.88124438580439
2017-02-15,0.92362162577395
2017-02-16,0.58396744541785
2017-02-17,0.48684545615461
2017-02-21,0.62176833224967
2017-02-22,0.74400917729928
2017-02-23,1.0667810642826
2017-02-24,1.1233704453155
2017-02-27,1.207526729553
2017-02-28,0.90369251885227
2017-03-01,0.80763606521183
2017-03-02,0.52879828081471
2017-03-03,0.50020988314472
2017-03-06,0.51715622128362
2017-03-07,0.50549965167213
2017-03-08,0.4539778561929
2017-03-09,-0.57375811617093
2017-03-10,-0.5996275630835
2017-03-13,-0.65978038561094
2017-03-14,-0.50843844510767
2017-03-15,-0.41458027815734
2017-03-16,0.055339477995302
2017-03-17,0.042875262553844
2017-03-20,-0.049215151166499
2017-03-21,-0.14665732724491
2017-03-22,-0.15245833190655
2017-03-23,0.40174610076694
2017-03-24,0.21421925184947
2017-03-27,0.12993953034664
2017-03-28,0.16560866253829
2017-03-29,0.098240574171962
2017-03-30,-0.46405131572539
2017-03-31,-0.59436116971607
2017-04-03,-0.5475620300766
2017-04-04,-0.60920095407841
2017-04-05,-0.5678271945169
2017-04-06,-0.62400569027283
2017-04-07,-0.47340012724221
2017-04-10,-0.44886839019448
2017-04-11,-0.4697199662894
2017-04-12,-0.53573882841407
2017-04-13,-0.42422900703309
2017-04-17,-0.2277287525196
2017-04-18,-0.037198903367481
2017-04-19,0.18110122189041
2017-04-20,-0.014266285710949
2017-04-21,-0.092160469071035
2017-04-24,-0.1469423239606
2017-04-25,-0.019002728165181
2017-04-26,0.051004498773942
2017-04-27,0.94245925936077
2017-04-28,0.95297724667512
2017-05-01,0.9517414194422
2017-05-02,0.89340427554262
2017-05-03,0.69403085199857
2017-05-04,0.76742977707828
2017-05-05,0.78824244861902
2017-05-08,0.89971464231824
2017-05-09,0.94825674629815
2017-05-10,0.86152985195015
2017-05-11,0.61302087526599
2017-05-12,0.67445833609678
2017-05-15,0.72987011802133
2017-05-16,0.70686330028172
2017-05-17,0.70688696646797
2017-05-18,0.00082607214685521
2017-05-19,0.0084528688797922
2017-05-22,0.0035751130716059
2017-05-23,-0.085705753226489
2017-05-24,-0.079187275560449
2017-05-25,0.54451539293327
2017-05-26,0.50951729098945
2017-05-30,0.4016272955476
2017-05-31,0.27730417540665
2017-06-01,-0.0083540844971213
2017-06-02,0.16573598337428
2017-06-05,0.30531819567323
2017-06-06,0.35462890007877
2017-06-07,0.35377029226765
2017-06-08,0.95294212921486
2017-06-09,0.83835069213676
2017-06-12,0.80796947561735
2017-06-13,0.78924899816596
2017-06-14,0.88205419149182
2017-06-15,0.75104598929778
2017-06-16,0.59980843573113
2017-06-19,0.56628590765293
2017-06-20,0.53263867958841
2017-06-21,0.53755952881577
2017-06-22,0.52587089952618
2017-06-23,0.58291691336494
2017-06-26,0.66685591329988
2017-06-27,0.77771027520979
2017-06-28,0.71525644321867
2017-06-29,0.67148665250601
2017-06-30,0.64585570507598
2017-07-03,0.55358891973761
2017-07-05,0.50056050990791
2017-07-06,0.22596277558451
2017-07-07,0.15101716370324
2017-07-10,0.17768930647236
2017-07-11,0.034827926563421
2017-07-12,0.067711642324994
2017-07-13,0.062206709301658
2017-07-14,0.14160027803063
2017-07-17,0.22101576549206
2017-07-18,0.27222357714924
2017-07-19,0.35810183635084
2017-07-20,1.0817759462943
2017-07-21,1.1867122110185
2017-07-24,1.2334966855785
2017-07-25,1.3746215261981
2017-07-26,1.3523861080488
2017-07-27,1.3282445201861
2017-07-28,1.3276858000316
2017-07-31,1.3601466933428
2017-08-01,1.3481459513297
2017-08-02,1.232035862784
2017-08-03,0.79441962294827
2017-08-04,0.64801195860278
2017-08-07,0.58531212285763
2017-08-08,0.51170149478453
2017-08-09,0.33371945280497
2017-08-10,0.21297938156212
2017-08-11,0.13463364629566
2017-08-14,0.17207682443413
2017-08-15,0.13239517172934
2017-08-16,0.13668046972047
2017-08-17,0.10431313431595
2017-08-18,0.041979053976491
2017-08-21,0.0063773787843839
2017-08-22,-0.046214317118499
2017-08-23,0.017814437966284
2017-08-24,-0.61438518058213
2017-08-25,-0.6335139840902
2017-08-28,-0.68185545917927
2017-08-29,-0.58264990192101
2017-08-30,-0.51076383170135
2017-08-31,-0.72454280103565
2017-09-01,-0.55873035248397
2017-09-05,-0.66526891839033
2017-09-06,-0.62259906033709
2017-09-07,-0.34939313629461
2017-09-08,-0.35161508366217
2017-09-11,-0.31053294296995
2017-09-12,-0.25666009081816
2017-09-13,-0.28302560596228
2017-09-14,0.92609581193904
2017-09-15,0.90781828339951
2017-09-18,0.84607944003122
2017-09-19,1.0986562839587
2017-09-20,1.1375204538115
2017-09-21,1.0267511338137
2017-09-22,1.0930753740576
2017-09-25,1.2360080932467
2017-09-26,1.170019982405
2017-09-27,1.1541372741
2017-09-28,0.81304534831764
2017-09-29,0.82936165312908
2017-10-02,0.82001000648194
2017-10-03,0.84242497351793
2017-10-04,0.87130954411401
2017-10-05,0.78777949851061
2017-10-06,0.85636727728006
2017-10-09,0.67320555696928
2017-10-10,0.80700571663676
2017-10-11,0.75981483774671
2017-10-12,1.0101470721189
2017-10-13,1.1360650742006
2017-10-16,0.97955094221163
2017-10-17,0.91336664604781
2017-10-18,0.83479494803986
2017-10-19,0.62101809831456
2017-10-20,0.65958323923877
2017-10-23,0.65957504963304
2017-10-24,0.62738877683567
2017-10-25,0.46089566388929
2017-10-26,0.42481956962077
2017-10-27,0.40795516014857
2017-10-30,0.5580713507143
2017-10-31,0.52821876510474
2017-11-01,0.5304812280864
2017-11-02,1.0511027262124
2017-11-03,0.96831489607233
2017-11-06,1.0075361319363
2017-11-07,0.85407726857379
2017-11-08,0.97688265616353
2017-11-09,1.0812965678155
2017-11-10,0.88364806464307
2017-11-13,0.90481249549528
2017-11-14,0.88104460351721
2017-11-15,0.81866416869757
2017-11-16,-0.50729523183303
2017-11-17,-0.41662641799754
2017-11-20,-0.41621591086693
2017-11-21,-0.30631961557166
2017-11-22,-0.28059851103009
2017-11-23,0.28181987850884
2017-11-24,0.42961256327935
2017-11-27,0.7253466451476
2017-11-28,0.86507808171981
2017-11-29,0.98465231115979
2017-11-30,1.0054582351535
2017-12-01,1.1103463188306
2017-12-04,1.0803675460809
2017-12-05,1.1334294236144
2017-12-06,1.1538616963658
2017-12-07,1.1290555737248
2017-12-08,1.0787450217248
2017-12-11,1.0097664557085
2017-12-12,0.89744696359634
2017-12-13,0.86799552311773
2017-12-14,1.5423853945366
2017-12-15,1.4166743772237
2017-12-18,1.5046968039513
2017-12-19,1.4735310926192
2017-12-20,1.4738792240336
2017-12-21,1.8296387725297
2017-12-22,1.8131826494213
2017-12-26,1.6981253918616
2017-12-27,1.6270922257886
2017-12-28,1.697592797006
2017-12-29,1.4917172580262
2018-01-02,1.534485602619
2018-01-03,1.4222586563537
2018-01-04,1.9579991983982
2018-01-05,1.8566354868245
2018-01-08,1.9493805893358
2018-01-09,2.0123123556884
2018-01-10,2.1581174948193
2018-01-11,1.4475007047273
2018-01-12,1.6926082792989
2018-01-16,1.9559560172052
2018-01-17,2.0103186360811
2018-01-18,2.3992185230739
2018-01-19,2.3659277299397
2018-01-22,2.3758350724696
2018-01-23,2.3718174580171
2018-01-24,2.3422760890264
2018-01-25,1.8082094471616
2018-01-26,1.7544658920075
2018-01-29,1.7450168813716
2018-01-30,1.5721098390023
2018-01-31,1.4954800167724
2018-02-01,1.2140154630202
2018-02-02,1.1841071020494
2018-02-05,1.1605818524803
2018-02-06,0.93647050481691
2018-02-07,0.88899145956769
2018-02-08,0.08802790141948
2018-02-09,-0.24306888431324
2018-02-12,-0.37222558003318
2018-02-13,-0.38183582695809
2018-02-14,-0.55301680214945
2018-02-15,0.51436686504489
2018-02-16,0.48991650165581
2018-02-20,0.52220454602173
2018-02-21,0.4724810986069
2018-02-22,0.11396936752915
2018-02-23,0.19276116303696
2018-02-26,0.42753252051482
2018-02-27,0.36027904030934
2018-02-28,0.28133821101189
2018-03-01,-0.13141466123372
2018-03-02,-0.28151121449706
2018-03-05,-0.32389184013584
2018-03-06,-0.36565992176915
2018-03-07,-0.35716485720427
2018-03-08,-0.88281235762397
2018-03-09,-0.75516906603951
2018-03-12,-0.71489771806867
2018-03-13,-0.60644176735144
2018-03-14,-0.58542095040933
2018-03-15,0.39955356156677
2018-03-16,0.52334323995234
2018-03-19,0.50994125353567
2018-03-20,0.56494840104769
2018-03-21,0.49514268485133
2018-03-22,-0.1548317931585
2018-03-23,-0.6074074386905
2018-03-26,-0.79617953198733
2018-03-27,-0.91492440472277
2018-03-28,-1.0875583378409
2018-03-29,-1.4583811697501
2018-04-02,-1.6438605496923
2018-04-03,-1.6460173171213
2018-04-04,-1.7187489665601
2018-04-05,-1.5796979780352
2018-04-06,-1.4587694167563
2018-04-09,-1.1216547157783
2018-04-10,-0.92315334449238
2018-04-11,-0.89066246417471
2018-04-12,-1.1762967552835
2018-04-13,-1.1888411813843
2018-04-16,-0.98200600098959
2018-04-17,-0.92930077396708
2018-04-18,-0.91218930802393
2018-04-19,0.057530354267789
2018-04-20,0.088441696731233
2018-04-23,0.119455049032
2018-04-24,0.0074007876616873
2018-04-25,0.044298423791081
2018-04-26,0.26066248937188
2018-04-27,0.31950743907765
2018-04-30,0.33034037993907
2018-05-01,0.23903945692678
2018-05-02,0.25516231803436
2018-05-03,-0.32045486325294
2018-05-04,-0.31022071243792
2018-05-07,-0.3125055743431
2018-05-08,-0.18865704083943
2018-05-09,-0.118539176565
2018-05-10,0.29100304641894
2018-05-11,0.22689130709661
2018-05-14,0.24834880586334
2018-05-15,0.24526091665903
2018-05-16,0.26686607168249
2018-05-17,0.719091587159
2018-05-18,0.67231866283211
2018-05-21,0.73748530650951
2018-05-22,0.7342183877794
2018-05-23,0.63705592475521
2018-05-24,0.48314766582002
2018-05-25,0.51809551283601
2018-05-29,0.38317056462264
2018-05-30,0.4623830228448
2018-05-31,0.10948879775149
2018-06-01,0.089795331126485
2018-06-04,0.22799406075323
2018-06-05,0.25904018025988
2018-06-06,0.25873328420056
2018-06-07,0.45215113648872
2018-06-08,0.40071489565636
2018-06-11,0.51319605151945
2018-06-12,0.74474146622649
2018-06-13,0.8931155459054
2018-06-14,1.4715969473915
2018-06-15,1.4216408785739
2018-06-18,1.2783178500935
2018-06-19,1.2294838634547
2018-06-20,1.1871092796075
2018-06-21,0.66978234368941
2018-06-22,0.72397164963614
2018-06-25,0.49205657201195
2018-06-26,0.3665078296389
2018-06-27,0.14158679273099
2018-06-28,-1.1777896660613
2018-06-29,-1.3835315303854
2018-07-02,-1.407310847519
2018-07-03,-1.5640837685337
2018-07-05,-1.5397077317553
2018-07-06,-1.5182080591753
2018-07-09,-1.554481365435
2018-07-10,-1.4689822343178
2018-07-11,-1.5363880743897
2018-07-12,-0.36357132641711
2018-07-13,-0.13521385731395
2018-07-16,0.032631827902409
2018-07-17,0.10724478509282
2018-07-18,0.25557922365474
2018-07-19,0.088641002880763
2018-07-20,0.10339880963335
2018-07-23,0.15163517485373
2018-07-24,0.1997426611985
2018-07-25,0.33540011513119
2018-07-26,0.24273838421784
2018-07-27,0.19500223648566
2018-07-30,0.10642446388815
2018-07-31,0.071646123247014
2018-08-01,-0.044219417605291
2018-08-02,-0.40986087718898
2018-08-03,-0.35609942955985
2018-08-06,-0.39038508771886
2018-08-07,-0.39757683014743
2018-08-08,-0.48607998253671
2018-08-09,-0.2146780176215
2018-08-10,-0.31665549820822
2018-08-13,-0.28863513981795
2018-08-14,-0.22664640783058
2018-08-15,-0.32077043321345
2018-08-16,-0.22524912875293
2018-08-17,-0.31876374858418
2018-08-20,-0.24247891300524
2018-08-21,-0.16630163560889
2018-08-22,-0.17176249627086
2018-08-23,-0.11371801230549
2018-08-24,0.076329285757028
2018-08-27,0.30650514534805
2018-08-28,0.37332675830836
2018-08-29,0.58209344003706
2018-08-30,0.98269135972094
2018-08-31,0.9855858491543
2018-09-04,0.94106429959096
2018-09-05,0.81529714406176
2018-09-06,0.61878412691124
2018-09-07,0.52110013075318
2018-09-10,0.36233651909085
2018-09-11,0.26483872371648
2018-09-12,0.25569740853541
2018-09-13,-0.43280410181443
2018-09-14,-0.44078018594857
2018-09-17,-0.36673096884002
2018-09-18,-0.35430911229472
2018-09-19,-0.32843557686008
2018-09-20,-0.19035255655218
2018-09-21,-0.063063892032124
2018-09-24,0.050122933515807
2018-09-25,0.047111773218238
2018-09-26,0.0101839259243
2018-09-27,0.15598386154721
2018-09-28,-0.0036780526912138
2018-10-01,-0.067959777700065
2018-10-02,-0.050064249954018
2018-10-03,0.009177414372539
2018-10-04,0.54524649209539
2018-10-05,0.40502921790571
2018-10-08,0.2723194079407
2018-10-09,0.22872346427718
2018-10-10,-0.013305579255449
2018-10-11,-1.2604388664472
2018-10-12,-1.3267790715802
2018-10-15,-1.2905435553878
2018-10-16,-1.4438657400191
2018-10-17,-1.6487490174481
2018-10-18,-1.6358109043688
2018-10-19,-1.6013919555141
2018-10-22,-1.5284959856389
2018-10-23,-1.5874063272533
2018-10-24,-1.6249201799513
2018-10-25,-2.0347203973199
2018-10-26,-2.1276190057396
2018-10-29,-2.3128359156987
2018-10-30,-2.3928199237293
2018-10-31,-2.3476913849355
2018-11-01,-1.3480178411555
2018-11-02,-1.2169311947303
2018-11-05,-1.189428839622
2018-11-06,-1.2484244728042
2018-11-07,-1.0491765319909
2018-11-08,-0.73055847505411
2018-11-09,-0.60404381006348
2018-11-12,-0.56014290723642
2018-11-13,-0.4330056860899
2018-11-14,-0.50293972548598
2018-11-15,-0.98217511610273
2018-11-16,-0.98741522321572
2018-11-19,-0.95154514481365
2018-11-20,-0.81525570154274
2018-11-21,-0.89200786395258
2018-11-22,-1.8039366984259
2018-11-23,-1.8936641632085
2018-11-26,-1.7845484949305
2018-11-27,-1.5969256215104
2018-11-28,-1.4960398462754
2018-11-29,-0.56916517115661
2018-11-30,-0.50721390280529
2018-12-03,-0.38570161417656
2018-12-04,-0.37031664490775
2018-12-06,0.090262725463593
2018-12-07,0.032313960445276
2018-12-10,0.067221092438104
2018-12-11,0.062448365221837
2018-12-12,0.011563010671107
2018-12-13,-1.727148339271
2018-12-14,-1.8774660254391
2018-12-17,-2.2677451069593
2018-12-18,-2.4679578118344
2018-12-19,-2.6640881772623
2018-12-20,-2.891089708268
2018-12-21,-3.0233749679255
2018-12-24,-3.140897297197
2018-12-26,-3.1525335711992
2018-12-27,-2.9355292404372
2018-12-28,-2.6719475729987
2018-12-31,-2.5499801717293
2019-01-02,-2.3265892417039
2019-01-03,-2.0735892664763
2019-01-04,-1.8410423862306
2019-01-07,-1.2747331271208
2019-01-08,-1.0003330536878
2019-01-09,-0.76810866892024
2019-01-10,-0.039405402704819
2019-01-11,-0.10912905271618
2019-01-14,-0.26081143795056
2019-01-15,-0.28831764847173
2019-01-16,-0.31578864365786
2019-01-17,-0.49926293548112
2019-01-18,-0.45726908425296
2019-01-22,-0.49162359800504
2019-01-23,-0.60182556746706
2019-01-24,-0.30010846484996
2019-01-25,-0.076894831590667
2019-01-28,-0.024107987083763
2019-01-29,0.063568584303801
2019-01-30,0.14510830746424
2019-01-31,0.066690635337578
2019-02-01,-0.12709218351582
2019-02-04,-0.12668720948516
2019-02-05,-0.067728759389209
2019-02-06,0.04347317901001
2019-02-07,0.7356882341652
2019-02-08,0.5636674498324
2019-02-11,0.63251456426679
2019-02-12,0.69586295638928
2019-02-13,0.6246078078337
2019-02-14,0.28995387674475
2019-02-15,0.48358493462591
2019-02-19,0.47107056171792
2019-02-20,0.49417065354876
2019-02-21,0.67632911180374
2019-02-22,0.79400123972035
2019-02-25,0.94689629799559
2019-02-26,0.95872504509008
2019-02-27,0.86913628481228
2019-02-28,1.2087468751114
2019-03-01,1.2107864671242
2019-03-04,1.0895192063718
2019-03-05,1.0685807296455
2019-03-06,0.90680048164334
2019-03-07,0.35100749620801
2019-03-08,0.2434271740054
2019-03-11,0.21826456554068
2019-03-12,0.1225007446712
2019-03-13,0.16825859382413
2019-03-14,-0.18194385338443
2019-03-15,-0.14710002648138
2019-03-18,-0.035926253819398
2019-03-19,-0.077998159199488
2019-03-20,0.020866262069895
2019-03-21,0.7385786559386
2019-03-22,0.783542990577
2019-03-25,0.75768232546041
2019-03-26,0.8313708320536
2019-03-27,0.72332999488097
2019-03-28,0.421783981868
2019-03-29,0.40164406758073
2019-04-01,0.38145590873635
2019-04-02,0.45506173779243
2019-04-03,0.46984153051719
2019-04-04,0.47447162002541
2019-04-05,0.51246388206386
2019-04-08,0.567947488968
2019-04-09,0.57638527643388
2019-04-10,0.65469653619532
2019-04-11,1.1264023715294
2019-04-12,1.2034648570474
2019-04-15,1.1581724366136
2019-04-16,1.1019500558415
2019-04-17,1.1279251673716
2019-04-18,0.91163977432519
2019-04-22,0.88592653493651
2019-04-23,0.85438036304161
2019-04-24,0.84651539597778
2019-04-25,0.76814284279494
2019-04-26,0.84244683661113
2019-04-29,0.77183760285849
2019-04-30,0.69570461304669
2019-05-01,0.68909883068191
2019-05-02,0.7990520530683
2019-05-03,0.86103496004202
2019-05-06,0.74931530341945
2019-05-07,0.71341396932226
2019-05-08,0.52133478823892
2019-05-09,0.36456026699252
2019-05-10,0.14339566260949
2019-05-13,0.010024166776631
2019-05-14,0.021681815807517
2019-05-15,-0.1050222053616
2019-05-16,-1.371226446069
2019-05-17,-1.5515037250072
2019-05-20,-1.4327969126703
2019-05-21,-1.5034116184266
2019-05-22,-1.3515916506826
2019-05-23,-1.3873394222398
2019-05-24,-1.222871683778
2019-05-28,-1.2071440145416
2019-05-29,-1.4242464201786
2019-05-30,-1.5505234507521
2019-05-31,-1.6410843140367
2019-06-03,-1.657242562069
2019-06-04,-1.7123584946696
2019-06-05,-1.6996911184594
2019-06-06,-1.8339058039465
2019-06-07,-1.5887671049248
2019-06-10,-1.4791628005751
2019-06-11,-1.420465437191
2019-06-12,-1.1825762020024
2019-06-13,-0.56212307730729
2019-06-14,-0.43622429855108
2019-06-17,-0.36139703611656
2019-06-18,-0.33175406421046
2019-06-19,-0.25169324538964
2019-06-20,-0.013143141039248
2019-06-21,0.0039253272282611
2019-06-24,0.0098533522325261
2019-06-25,0.010381053745678
2019-06-26,0.061734367868481
2019-06-27,0.074045135685967
2019-06-28,0.13609921393065
2019-07-01,0.2033792317373
2019-07-02,0.21406426965648
2019-07-03,0.38663519635965
2019-07-05,0.30663358569454
2019-07-08,0.20459991071045
2019-07-09,0.10862099136194
2019-07-10,0.16893689814199
2019-07-11,0.39360230221029
2019-07-12,0.38637425838817
2019-07-15,0.32920122667496
2019-07-16,0.3169427890626
2019-07-17,0.26028862978211
2019-07-18,0.21135559768018
2019-07-19,0.10629080952696
2019-07-22,0.079636145738619
2019-07-23,0.18728702285897
2019-07-24,0.26746938117433
2019-07-25,0.032203563028381
2019-07-26,0.084962454312038
2019-07-29,0.1715036559008
2019-07-30,0.10044466097009
2019-07-31,0.1027254356546
2019-08-01,0.61476090573635
2019-08-02,0.59177087664914
2019-08-05,0.44945121225582
2019-08-06,0.25049829766745
2019-08-07,-0.05009737461917
2019-08-08,-1.8107095724202
2019-08-09,-1.9003513243906
2019-08-12,-2.0847434403357
2019-08-13,-2.0152454834333
2019-08-14,-2.1584998783324
2019-08-15,-2.022286192764
2019-08-16,-1.9941364718281
2019-08-19,-1.8178098653747
2019-08-20,-1.6654745062869
2019-08-21,-1.6688556701156
2019-08-22,-1.2764783126581
2019-08-23,-1.3843797843175
2019-08-26,-1.3433282111483
2019-08-27,-1.3520421312724
2019-08-28,-1.3001968876546
2019-08-29,-1.3212937827508
2019-08-30,-1.4015276863178
2019-09-03,-1.4916545024713
2019-09-04,-1.5756024162545
2019-09-05,-1.1292131969069
2019-09-06,-1.1216669865196
2019-09-09,-1.0056449585561
2019-09-10,-0.868274652905
2019-09-11,-0.77464106605926
2019-09-12,-0.11664575350793
2019-09-13,-0.066636944625521
2019-09-16,-0.033049575642113
2019-09-17,0.11986620341226
2019-09-18,0.10451027599658
2019-09-19,0.15331562596731
2019-09-20,0.083670747850437
2019-09-23,0.057714635183892
2019-09-24,-0.10952515452284
2019-09-25,-0.25488041531951
2019-09-26,-0.78808389785909
2019-09-27,-0.86160410870985
2019-09-30,-0.84786987684967
2019-10-01,-0.98622451805347
2019-10-02,-1.1127107500471
2019-10-03,-1.7698516595714
2019-10-04,-1.7611011858691
2019-10-07,-1.7633206225262
2019-10-08,-1.6794207297488
2019-10-09,-1.6608749099408
2019-10-10,-1.829571398711
2019-10-11,-1.7548821036532
2019-10-14,-1.7343874594106
2019-10-15,-1.6819851839765
2019-10-16,-1.4857077581054
2019-10-17,-0.28987437283735
2019-10-18,-0.33672889183313
2019-10-21,-0.27628128525475
2019-10-22,-0.24275337027079
2019-10-23,-0.15574263024156
2019-10-24,0.12967404727981
2019-10-25,0.19421533899913
2019-10-28,0.38718474932616
2019-10-29,0.47275547157991
2019-10-30,0.44557705746802
2019-10-31,0.24689409040371
2019-11-01,0.46201293623329
2019-11-04,0.61709813449817
2019-11-05,0.66995690357845
2019-11-06,0.63693973671107
2019-11-07,1.0921638245617
2019-11-08,1.0271470429974
2019-11-11,0.9622564851674
2019-11-12,0.94548565954296
2019-11-13,0.92878866304409
2019-11-14,1.0377833225015
2019-11-15,0.9810173168852
2019-11-18,0.87723185040234
2019-11-19,0.75281373975984
2019-11-20,0.71344901811591
2019-11-21,0.032225316420487
2019-11-22,0.021805868391432
2019-11-25,0.0063648127566149
2019-11-26,-0.082580901862995
2019-11-27,-0.049615912669918
2019-11-29,-0.13662795552089
2019-12-02,-0.21475986334982
2019-12-03,-0.36741330508901
2019-12-04,-0.31251406273886
2019-12-05,-0.38183710539669
2019-12-06,-0.20335124035611
2019-12-09,-0.23396123282971
2019-12-10,-0.25393907668576
2019-12-11,-0.21452499679818
2019-12-12,0.23311435284677
2019-12-13,0.1577839198179
2019-12-16,0.22516723692407
2019-12-17,0.4998217680518
2019-12-18,0.45813400625378
2019-12-19,1.0618569250217
2019-12-20,1.1112384349828
2019-12-23,1.2333850680705
2019-12-24,1.3332445710883
2019-12-26,1.3190742929026
2019-12-27,1.2370430679086
2019-12-30,1.3473531953719
2019-12-31,1.2980652103358
2020-01-02,1.0058212903562
2020-01-03,1.1209526437391
2020-01-06,1.0969208812694
2020-01-07,1.07849795353
2020-01-08,1.1039543203178
2020-01-09,0.71999839318938
2020-01-10,0.68344785613817
2020-01-13,0.74332997628555
2020-01-14,0.8201322832441
2020-01-15,0.93573158742661
2020-01-16,1.4355005298126
2020-01-17,1.540889200427
2020-01-21,1.5432004557422
2020-01-22,1.5510785322784
2020-01-23,1.8100341267525
2020-01-24,1.5770352334701
2020-01-27,1.4975889098677
2020-01-28,1.4774141437802
2020-01-29,1.4411561148062
2020-01-30,0.36296546296207
2020-01-31,0.17010261822685
2020-02-03,0.14003139515385
2020-02-04,0.14794790251184
2020-02-05,0.085036614114698
2020-02-06,0.25478029642415
2020-02-07,0.33772191341168
2020-02-10,0.42947452017271
2020-02-11,0.47096578612791
2020-02-12,0.53890594513235
2020-02-13,1.2169291889319
2020-02-14,1.3409197655023
2020-02-18,1.3063246288819
2020-02-19,1.3095768245085
2020-02-20,1.2386690610922
2020-02-21,1.002144078774
2020-02-24,0.92620384427656
2020-02-25,0.67465910089426
2020-02-26,0.40262186611445
2020-02-27,-0.75705603420677
2020-02-28,-1.0059320038991
2020-03-02,-1.2477341984547
2020-03-03,-1.2546157734797
2020-03-04,-1.483080486124
2020-03-05,-1.1820648974585
2020-03-06,-1.1924370406239
2020-03-09,-1.5706719602229
2020-03-10,-1.4964803549221
2020-03-11,-1.5513341363049
2020-03-12,-2.4502633122349
2020-03-13,-2.4303614008122
2020-03-16,-2.4049663386146
2020-03-17,-2.4879838842136
2020-03-18,-2.5045288301407
2020-03-19,-2.4072336099852
2020-03-20,-2.4070026730177
2020-03-23,-2.0343867582481
2020-03-24,-1.8752307376913
2020-03-25,-1.6723651473204
2020-03-26,-1.5277405741887
2020-03-27,-1.4286198145029
2020-03-30,-1.3259303522354
2020-03-31,-1.3865777361882
2020-04-01,-1.31805516285
2020-04-02,-1.2173450233423
2020-04-03,-1.1447581192536
2020-04-06,-1.0862033385424
2020-04-07,-1.1183398378853
2020-04-08,-1.1401770798316
2020-04-09,-0.85567460311965
2020-04-13,-0.77884058156606
2020-04-14,-0.74088956075732
2020-04-15,-0.66901336932585
2020-04-16,-0.5275774408477
2020-04-17,-0.38866421917369
2020-04-20,-0.3149265962769
2020-04-21,-0.37143130488472
2020-04-22,-0.35065449345034
2020-04-23,-0.9556336385058
2020-04-24,-0.96817542348588
2020-04-27,-1.028880306222
2020-04-28,-1.0075135315342
2020-04-29,-1.0151735567971
2020-04-30,-0.58798733076484
2020-05-01,-0.71081413863783
2020-05-04,-0.72810869190123
2020-05-05,-0.62968060664307
2020-05-06,-0.59893254476628
2020-05-07,-1.1647579722585
2020-05-08,-1.0791129313707
2020-05-11,-0.97874184892116
2020-05-12,-0.93184924429349
2020-05-13,-0.99602679302906
2020-05-14,-0.92584503303149
2020-05-15,-0.73552921387589
2020-05-18,-0.60871971813199
2020-05-19,-0.52113885783383
2020-05-20,-0.49637094418985
2020-05-21,-0.086871076973888
2020-05-22,-0.06618247522906
2020-05-26,-0.040875255237812
2020-05-27,-0.030000664181561
2020-05-28,0.37683024608673
2020-05-29,0.39496206640134
2020-06-01,0.37919187141849
2020-06-02,0.34458872956126
2020-06-03,0.35791409989829
2020-06-04,0.56262122374971
2020-06-05,0.65049671093163
2020-06-08,0.75157614844401
2020-06-09,0.79964295355402
2020-06-10,0.8704156297342
2020-06-11,0.81272023950699
2020-06-12,0.7830151504407
2020-06-15,0.75939198627975
2020-06-16,0.77272023103931
2020-06-17,0.73466939717064
2020-06-18,-0.050408682874408
2020-06-19,-0.16862960859678
2020-06-22,-0.2530450006524
2020-06-23,-0.28161870077448
2020-06-24,-0.41185044622545
2020-06-25,-0.40218785748647
2020-06-26,-0.44021971756974
2020-06-29,-0.4800556056283
2020-06-30,-0.53371289824723
2020-07-01,-0.55966749087026
2020-07-02,-0.52103780054813
2020-07-06,-0.43696995957728
2020-07-07,-0.45426370735676
2020-07-08,-0.44855374795966
2020-07-09,-0.052450983915329
2020-07-10,-0.026215397260802
2020-07-13,0.11145340425878
2020-07-14,0.16579166794229
2020-07-15,0.27893642370782
2020-07-16,0.3623140945429
2020-07-17,0.41900836916774
2020-07-20,0.39827964373591
2020-07-21,0.44970760020794
2020-07-22,0.45122509786433
2020-07-23,0.22085668311652
2020-07-24,0.18403080507818
2020-07-27,0.24546950950576
2020-07-28,0.2528729665312
2020-07-29,0.20714819743735
2020-07-30,-0.079919308066202
2020-07-31,-0.11358167382615
2020-08-03,-0.068603457210283
2020-08-04,-0.08077229235708
2020-08-05,-0.045076911172448
2020-08-06,0.16529797029269
2020-08-07,0.24081632271206
2020-08-10,0.22109213336314
2020-08-11,0.27410820540519
2020-08-12,0.25402563752686
2020-08-13,0.71083592897283
2020-08-14,0.72197335492503
2020-08-17,0.67855231099866
2020-08-18,0.685932424715
2020-08-19,0.64333975979926
2020-08-20,0.58332350155864
2020-08-21,0.59611349105175
2020-08-24,0.56344407657808
2020-08-25,0.59301332705852
2020-08-26,0.63875886765551
2020-08-27,0.81408468517574
2020-08-28,0.83856268616794
2020-08-31,0.82675295503362
2020-09-01,0.85942787075045
2020-09-02,0.86335801022158
2020-09-03,0.65939456637838
2020-09-04,0.52035960907098
2020-09-08,0.46254119599512
2020-09-09,0.36525592529782
2020-09-10,-0.18222144109623
2020-09-11,-0.33236274303142
2020-09-14,-0.3780510495132
2020-09-15,-0.33992304603681
2020-09-16,-0.41335394490303
2020-09-17,0.0701170280496
2020-09-18,0.074091241337246
2020-09-21,0.11007382358441
2020-09-22,0.1142799693156
2020-09-23,0.10272394202334
2020-09-24,-0.41459645698588
2020-09-25,-0.36451867609613
2020-09-28,-0.338373649837
2020-09-29,-0.3801162384543
2020-09-30,-0.38603797774644
2020-10-01,-0.16530037510634
2020-10-02,-0.14822765019963
2020-10-05,-0.087749585329203
2020-10-06,-0.075269669494685
2020-10-07,-0.023335399927662
2020-10-08,0.4952597405446
2020-10-09,0.50684448879826
2020-10-12,0.54821441112954
2020-10-13,0.56566608057703
2020-10-14,0.61061962305426
2020-10-15,0.73384372813045
2020-10-16,0.75081518363538
2020-10-19,0.75235930129121
2020-10-20,0.75781871122582
2020-10-21,0.71187985647457
2020-10-22,0.83833571633528
2020-10-23,0.83981983699261
2020-10-26,0.65819974840494
2020-10-27,0.63561773272073
2020-10-28,0.47352507903551
2020-10-29,0.31587047666928
2020-10-30,0.24100089099348
2020-11-02,0.15909874438025
2020-11-03,0.073097146110694
2020-11-04,0.027453536967958
2020-11-05,0.2531509721876
2020-11-06,0.24765488355031
2020-11-09,0.39747703446173
2020-11-10,0.37650140528294
2020-11-11,0.41263790074446
2020-11-12,1.2520074763372
2020-11-13,1.3335368559807
2020-11-16,1.4255517295699
2020-11-17,1.480830125488
2020-11-18,1.5728582738095
2020-11-19,1.1411652676296
2020-11-20,1.1938251215609
2020-11-23,1.225600886093
2020-11-24,1.3060297303252
2020-11-25,1.4224487353921
2020-11-27,1.5536397935465
2020-11-30,1.5506042542242
2020-12-01,1.5757483827833
2020-12-02,1.6447053684998
2020-12-03,1.8898917927584
2020-12-04,1.9111940463982
2020-12-07,1.9253459121024
2020-12-08,1.9154802674301
2020-12-09,1.8269976230484
2020-12-10,1.6555179138583
2020-12-11,1.5583794280589
2020-12-14,1.5478850129573
2020-12-15,1.4396288177344
2020-12-16,1.3987890943586
2020-12-17,1.2438107342733
2020-12-18,1.212141061091
2020-12-21,1.1650898886442
2020-12-22,1.1816126118326
2020-12-23,1.2026789748959
2020-12-24,1.3067391992129
2020-12-28,1.4039521168969
2020-12-29,1.4118760327447
2020-12-30,1.4481276770172
2020-12-31,1.3308859621329
2021-01-04,1.2570416148767
2021-01-05,1.2608009422531
2021-01-06,1.2473863727511
2021-01-07,1.0186863992035
2021-01-08,1.0353793983543
2021-01-11,1.0368042302997
2021-01-12,1.0464061716477
2021-01-13,1.0148939495926
2021-01-14,1.073827048515
2021-01-15,1.0955323642596
2021-01-19,1.1611102755549
2021-01-20,1.1648460945536
2021-01-21,1.0009855646986
2021-01-22,1.0174440169981
2021-01-25,1.018064329429
2021-01-26,1.0470747079741
2021-01-27,1.027214351374
2021-01-28,0.77942838723293
2021-01-29,0.66743962946271
2021-02-01,0.6771355584744
2021-02-02,0.63825061498445
2021-02-03,0.57954840592052
2021-02-04,0.6604031322541
2021-02-05,0.61019078147131
2021-02-08,0.62168492913719
2021-02-09,0.63694010974039
2021-02-10,0.62816098189435
2021-02-11,1.2025621350365
2021-02-12,1.2442304810043
2021-02-16,1.2406580101447
2021-02-17,1.2651687230953
2021-02-18,1.3541912237104
2021-02-19,1.3421151277264
2021-02-22,1.3742976825903
2021-02-23,1.3430999310453
2021-02-24,1.3281943555733
2021-02-25,1.3209400349059
2021-02-26,1.2468440482934
2021-03-01,1.1864239274465
2021-03-02,1.1854428778465
2021-03-03,1.1369901755778
2021-03-04,0.87555811455861
2021-03-05,0.79675704944291
2021-03-08,0.74411562932899
2021-03-09,0.67965502356511
2021-03-10,0.67049157070341
2021-03-11,1.0454327399648
2021-03-12,1.1006639930571
2021-03-15,1.1823365372444
2021-03-16,1.1298577116607
2021-03-17,1.1643489523408
2021-03-18,1.1976482721297
2021-03-19,1.2438997324593
2021-03-22,1.2681018176502
2021-03-23,1.3079411816236
2021-03-24,1.2377288926805
2021-03-25,1.3371533834039
2021-03-26,1.2853493072318
2021-03-29,1.2405000528791
2021-03-30,1.2820490766123
2021-03-31,1.2725326690137
2021-04-01,1.0396525534482
2021-04-05,1.0875637659581
2021-04-06,1.1040298844245
2021-04-07,1.1048552988105
2021-04-08,1.5925531124946
2021-04-09,1.6349545997505
2021-04-12,1.6889715702345
2021-04-13,1.7447293341457
2021-04-14,1.7342839012513
2021-04-15,1.5025135184062
2021-04-16,1.4792965185308
2021-04-19,1.4176431490823
2021-04-20,1.3671659319452
2021-04-21,1.3979984517478
2021-04-22,1.4540809574794
2021-04-23,1.4299022826696
2021-04-26,1.4555753194546
2021-04-27,1.4466247726947
2021-04-28,1.4299382681199
2021-04-29,0.99585290518438
2021-04-30,0.92500663701594
2021-05-03,0.9584057277141
2021-05-04,0.93043214677575
2021-05-05,0.86415460560282
2021-05-06,0.9584970378496
2021-05-07,0.93387782967743
2021-05-10,0.83664073272777
2021-05-11,0.72397862037382
2021-05-12,0.65724647149245
2021-05-13,0.20273650300494
2021-05-14,0.22157585576467
2021-05-17,0.15341354867304
2021-05-18,0.1544240126678
2021-05-19,0.078052520078336
2021-05-20,0.12235482997717
2021-05-21,0.12364046748273
2021-05-24,0.17569407647689
2021-05-25,0.23982388594547
2021-05-26,0.32359283683097
2021-05-27,0.41226479794134
2021-05-28,0.47632741975847
2021-06-01,0.57588594484324
2021-06-02,0.6361464391112
2021-06-03,1.2135671161053
2021-06-04,1.2087820184698
2021-06-07,1.2714197030667
2021-06-08,1.3098863780062
2021-06-09,1.3717891419604
2021-06-10,1.2181129846625
2021-06-11,1.1578307488273
2021-06-14,1.1611188072266
2021-06-15,1.1368506179507
2021-06-16,1.0222184067458
2021-06-17,0.81664482346768
2021-06-18,0.79024406655769
2021-06-21,0.74057932469247
2021-06-22,0.6871773352606
2021-06-23,0.66544669379193
2021-06-24,0.76520023544428
2021-06-25,0.80617273436592
2021-06-28,0.78411544863409
2021-06-29,0.80150917817928
2021-06-30,0.8895637203695
2021-07-01,1.2353177150816
2021-07-02,1.2779563790506
2021-07-06,1.2381483759106
2021-07-07,1.214058571633
2021-07-08,0.83495283565135
2021-07-09,0.75841710312396
2021-07-12,0.70202588155852
2021-07-13,0.68092873398316
2021-07-14,0.62081173391971
2021-07-15,0.37809872295306
2021-07-16,0.24848156350491
2021-07-19,0.16979051945948
2021-07-20,0.21212579542226
2021-07-21,0.19967349497296
2021-07-22,-0.075423899982816
2021-07-23,-0.079229231413928
2021-07-26,-0.071648239458714
2021-07-27,-0.14607938626249
2021-07-28,-0.14208524362029
2021-07-29,0.29228991027156
2021-07-30,0.34993819102828
2021-08-02,0.38490609176732
2021-08-03,0.39241846307644
2021-08-04,0.39973856615422
2021-08-05,0.19643538569127
2021-08-06,0.16836711488649
2021-08-09,0.16535361656535
2021-08-10,0.27232776216644
2021-08-11,0.19813242278424
2021-08-12,0.14369756977287
2021-08-13,0.10046698614394
2021-08-16,0.10497726235504
2021-08-17,0.037389753857913
2021-08-18,0.0058925295148733
2021-08-19,-0.30444061750894
2021-08-20,-0.29150461577901
2021-08-23,-0.26150264497901
2021-08-24,-0.2519590632238
2021-08-25,-0.18113541691729
2021-08-26,0.077767801289741
2021-08-27,0.095515432625611
2021-08-30,0.1338771672756
2021-08-31,0.14338563758976
2021-09-01,0.1817698878758
2021-09-02,0.43309472704134
2021-09-03,0.43876891464986
2021-09-07,0.39858851629881
2021-09-08,0.32496173133641
2021-09-09,0.36107390563515
2021-09-10,0.30418796011208
2021-09-13,0.29008645142035
2021-09-14,0.2341021714775
2021-09-15,0.2495936121482
2021-09-16,-0.61718573548706
2021-09-17,-0.71645772120077
2021-09-20,-0.79456281498671
2021-09-21,-0.80127080739591
2021-09-22,-0.85008206924426
2021-09-23,-0.61185337271283
2021-09-24,-0.61619519447014
2021-09-27,-0.5793034058205
2021-09-28,-0.65689464182269
2021-09-29,-0.692183581706
2021-09-30,-0.88956896670282
2021-10-01,-0.90010453564073
2021-10-04,-0.85706316882966
2021-10-05,-0.84825491094276
2021-10-06,-0.85679115891687
2021-10-07,-0.89309462392634
2021-10-08,-0.91464117720259
2021-10-11,-0.9851119144121
2021-10-12,-0.8663162422909
2021-10-13,-0.85305743261001
2021-10-14,-0.22659995718479
2021-10-15,-0.19453097981172
2021-10-18,-0.10230228719717
2021-10-19,-0.059245973467598
2021-10-20,0.03330026028711
2021-10-21,0.51596656748798
2021-10-22,0.60773360500707
2021-10-25,0.72241379239729
2021-10-26,0.70658528647422
2021-10-27,0.46060244948815
2021-10-28,0.53590242608134
2021-10-29,0.53002532005158
2021-11-01,0.52840327459458
2021-11-02,0.54948876907066
2021-11-03,0.58867158490031
2021-11-04,0.76272555204324
2021-11-05,0.78326971965538
2021-11-08,0.80466732698814
2021-11-09,0.84820642237703
2021-11-10,0.83778222800214
2021-11-11,1.0588471492406
2021-11-12,1.1099571925483
2021-11-15,1.0985155988292
2021-11-16,1.0603276515633
2021-11-17,1.0088229151137
2021-11-18,0.63339726107943
2021-11-19,0.64118907421884
2021-11-22,0.59013080731604
2021-11-23,0.53914732663143
2021-11-24,0.12141262735966
2021-11-25,0.12054142292438
2021-11-26,0.03454322236793
2021-11-29,-0.020250869383638
2021-11-30,-0.093157087927173
2021-12-01,-0.18446793546665
2021-12-02,-0.72266328995272
2021-12-03,-0.92603189712743
2021-12-06,-1.0383458582505
2021-12-07,-1.1188837587427
2021-12-08,-1.1359642362921
2021-12-09,-0.69880643195263
2021-12-10,-0.77049452006004
2021-12-13,-0.81948366667089
2021-12-14,-0.83173428103973
2021-12-15,-0.79774433678317
2021-12-16,-1.0891145340351
2021-12-17,-0.95965089204379
2021-12-20,-0.88476550213543
2021-12-21,-0.84600523883151
2021-12-22,-0.81622670923557
2021-12-23,-0.4696875428183
2021-12-27,-0.33707194773489
2021-12-28,-0.22260405641379
2021-12-29,-0.19869498537997
2021-12-30,0.18252971403303
2021-12-31,0.20561075366596
2022-01-03,0.25567329789755
2022-01-04,0.27851935091624
2022-01-05,-0.031669542423125
2022-01-06,-0.099107674043425
2022-01-07,-0.17098607616761
2022-01-10,-0.26516801133624
2022-01-11,-0.27782403283187
2022-01-12,-0.23615767443441
2022-01-13,-0.67480082116952
2022-01-14,-0.79823080890535
2022-01-18,-0.90326411994907
2022-01-19,-0.94930966283852
2022-01-20,-1.2857028216955
2022-01-21,-1.4105305248809
2022-01-24,-1.5030727507284
2022-01-25,-1.4471364122891
2022-01-26,-1.5480774895131
2022-01-27,-1.7624127180802
2022-01-28,-1.7853080820928
2022-01-31,-1.7637571966372
2022-02-01,-1.7336251617275
2022-02-02,-1.7523818614304
2022-02-03,-1.4228683545289
2022-02-04,-1.2815452989715
2022-02-07,-1.1720188399398
2022-02-08,-1.2119223623101
2022-02-09,-1.1684838623755
2022-02-10,-0.91079392985091
2022-02-11,-0.94647722529971
2022-02-14,-0.95582388132815
2022-02-15,-0.94336669557593
2022-02-16,-0.93536835155412
2022-02-17,-1.2802345093792
2022-02-18,-1.348784594015
2022-02-22,-1.36978001324
2022-02-23,-1.3525920492325
2022-02-24,-1.583144158629
2022-02-25,-1.6196058634464
2022-02-28,-1.5450232413128
2022-03-01,-1.4574010640292
2022-03-02,-1.4672075464153
2022-03-03,-0.91708407163108
2022-03-04,-0.88164465413382
2022-03-07,-0.79944422565399
2022-03-08,-0.7924500371272
2022-03-09,-0.88212016148609
2022-03-10,-1.1536754275401
2022-03-11,-1.2007402624881
2022-03-14,-1.2346551188934
2022-03-15,-1.3285782148722
2022-03-16,-1.3717410850347
2022-03-17,-1.5283247770178
2022-03-18,-1.4578778179463
2022-03-21,-1.4218331648023
2022-03-22,-1.414692842322
2022-03-23,-1.2678751051389
2022-03-24,-0.52784618246698
2022-03-25,-0.43686766898298
2022-03-28,-0.38761048887781
2022-03-29,-0.32193337944534
2022-03-30,-0.24430850851647
2022-03-31,-0.10053438485597
2022-04-01,-0.2377326400441
2022-04-04,-0.23101846130145
2022-04-05,-0.24684738185622
2022-04-06,-0.3023526148147
2022-04-07,-0.92464659303633
2022-04-08,-0.97288256973954
2022-04-11,-1.0382038889008
2022-04-12,-1.0459806905542
2022-04-13,-1.075667515696
2022-04-14,-1.4646949499095
2022-04-18,-1.420696201334
2022-04-19,-1.5036336264799
2022-04-20,-1.4999902070679
2022-04-21,-1.3864279473542
2022-04-22,-1.627040436887
2022-04-25,-1.7454249616403
2022-04-26,-1.7766857249702
2022-04-27,-1.8979887377645
2022-04-28,-2.5261390739358
2022-04-29,-2.7518192626614
2022-05-02,-2.8815174069788
2022-05-03,-2.9062947234026
2022-05-04,-2.934411658354
2022-05-05,-2.470307274388
2022-05-06,-2.3713354800074
2022-05-09,-2.4109445258276
2022-05-10,-2.3553814931091
2022-05-11,-2.338396926143
2022-05-12,-2.3223339324736
2022-05-13,-2.1325428278196
2022-05-16,-1.9681222865747
2022-05-17,-1.9429344371495
2022-05-18,-2.0028043822216
2022-05-19,-2.016796067946
2022-05-20,-2.0134653865986
2022-05-23,-1.8444940746748
2022-05-24,-1.8396232000995
2022-05-25,-1.6983721739624
2022-05-26,-1.7935379207515
2022-05-27,-1.7413097823135
2022-05-31,-1.7524311424311
2022-06-01,-1.7585544227726
2022-06-02,-0.86113266182241
2022-06-03,-0.7810589085748
2022-06-06,-0.7063187603643
2022-06-07,-0.72317221341782
2022-06-08,-0.67758733208712
2022-06-09,-1.3084693632027
2022-06-10,-1.4707961049308
2022-06-13,-1.6548715061055
2022-06-14,-1.7271525572815
2022-06-15,-1.7086362549022
2022-06-16,-2.1905444498869
2022-06-17,-2.2154578986664
2022-06-21,-2.1241893561722
2022-06-22,-2.1361395773721
2022-06-23,-2.1926076174379
2022-06-24,-2.0942037037591
2022-06-27,-1.9336796890593
2022-06-28,-1.7843572248527
2022-06-29,-1.8280155198714
2022-06-30,-1.3467153349521
2022-07-01,-1.216949798865
2022-07-05,-1.110576352919
2022-07-06,-1.1183767173771
2022-07-07,-1.2576789363662
2022-07-08,-1.2446855043412
2022-07-11,-1.2634462714222
2022-07-12,-1.2683013024713
2022-07-13,-1.2866498951947
2022-07-14,-0.79463461482673
2022-07-15,-0.75658837671924
2022-07-18,-0.76844178157679
2022-07-19,-0.79390243609598
2022-07-20,-0.83288001355448
2022-07-21,-0.71936495425771
2022-07-22,-0.79090172359534
2022-07-25,-0.83494550290964
2022-07-26,-0.84707183482225
2022-07-27,-0.85008887871376
2022-07-28,-0.84274624237713
2022-07-29,-0.89170328247582
2022-08-01,-0.90419700594145
2022-08-02,-0.91663533555903
2022-08-03,-0.88383509757092
2022-08-04,-0.73309598575838
2022-08-05,-0.63259940064991
2022-08-08,-0.62291860339581
2022-08-09,-0.59964307375478
2022-08-10,-0.56276245122572
2022-08-11,-0.45335997192259
2022-08-12,-0.42942420828007
2022-08-15,-0.37346798625037
2022-08-16,-0.30828223236241
2022-08-17,-0.31642833779393
2022-08-18,-0.32520973706526
2022-08-19,-0.39332611383623
2022-08-22,-0.43377291123916
2022-08-23,-0.44652903978924
2022-08-24,-0.41769715727557
2022-08-25,-0.68658414948557
2022-08-26,-0.75871411926543
2022-08-29,-0.90511311548682
2022-08-30,-1.065072955237
2022-08-31,-1.1548539886789
2022-09-01,-1.5614967982327
2022-09-02,-1.6112859247425
2022-09-06,-1.6278029188924
2022-09-07,-1.6301544012202
2022-09-08,-1.823073403985
2022-09-09,-1.8342115285539
2022-09-12,-1.8040848865001
2022-09-13,-1.7653011958536
2022-09-14,-1.7042573339908
2022-09-15,-1.2884132827554
2022-09-16,-1.3472000862601
2022-09-19,-1.2293698614362
2022-09-20,-1.1576851507242
2022-09-21,-1.1766557701556
2022-09-22,-1.8494483280426
2022-09-23,-2.0333775044985
2022-09-26,-1.987578754638
2022-09-27,-1.9778349920413
2022-09-28,-1.972706250724
2022-09-29,-1.928436667422
2022-09-30,-1.8968968070527
2022-10-03,-1.9226197253655
2022-10-04,-1.9173279517983
2022-10-05,-1.8381747040552
2022-10-06,-1.4753099968584
2022-10-07,-1.3300185145108
2022-10-10,-1.3595172604468
2022-10-11,-1.2759272114455
2022-10-12,-1.24054688366
2022-10-13,-1.2549375244304
2022-10-14,-1.1579245663689
2022-10-17,-1.1568862156044
2022-10-18,-1.1384501904798
2022-10-19,-1.1898071807104
2022-10-20,-1.198821570116
2022-10-21,-1.1413004110433
2022-10-24,-1.0795622641547
2022-10-25,-1.0443658943004
2022-10-26,-1.0049442901218
2022-10-27,-0.7338699963525
2022-10-28,-0.74059833131904
2022-10-31,-0.72567196181578
2022-11-01,-0.71970366152024
2022-11-02,-0.78800436753583
2022-11-03,-0.39281388917203
2022-11-04,-0.43557766664653
2022-11-07,-0.41730925189993
2022-11-08,-0.52462878469611
2022-11-09,-0.55329395316447
2022-11-10,-0.93146829300223
2022-11-11,-0.85071018611315
2022-11-14,-0.82205152014062
2022-11-15,-0.77164113579421
2022-11-16,-0.79922502499278
2022-11-17,-0.39305591289103
2022-11-18,-0.32584216495057
2022-11-21,-0.31499975555986
2022-11-22,-0.32145719006841
2022-11-23,-0.34514134602394
2022-11-24,-0.45377991779088
2022-11-25,-0.47713122951342
2022-11-28,-0.60498297205639
2022-11-29,-0.66739729505539
2022-11-30,-0.8213427483614
2022-12-01,-0.80251203928092
2022-12-02,-0.74240695774503
2022-12-05,-0.76571471047712
2022-12-06,-0.84189111601488
2022-12-07,-0.86059745166712
2022-12-08,-0.81874167764852
2022-12-09,-0.90828643568756
2022-12-12,-0.88698817987525
2022-12-13,-0.83903189431558
2022-12-14,-0.86210401848506
2022-12-15,-1.0219673555318
2022-12-16,-1.2122716876628
2022-12-19,-1.2287627117607
2022-12-20,-1.1923238802162
2022-12-21,-1.3099319801147
2022-12-22,-1.7433978313645
2022-12-23,-1.6734016677232
2022-12-27,-1.6608997083459
2022-12-28,-2.0757097623468
2022-12-29,-1.7892651767404
2022-12-30,-1.792087155746
2023-01-03,-1.6555930038782
2023-01-04,-1.7030680239941
2023-01-05,-1.7199946163891
2023-01-06,-1.4949740398309
2023-01-09,-1.3278026460708
2023-01-10,-1.3088239977386
2023-01-11,-1.2858182817677
2023-01-12,-0.74528232569149
2023-01-13,-0.60782263155457
2023-01-17,-0.5123845381313
2023-01-18,-0.60659071752451
2023-01-19,-0.20683787100057
2023-01-20,-0.13275430122778
2023-01-23,-0.079715610385914
2023-01-24,-0.13724921967185
2023-01-25,-0.13944540050761
2023-01-26,-0.26207904535979
2023-01-27,-0.20867887575983
2023-01-30,-0.19817593740949
2023-01-31,-0.17474448168141
2023-02-01,-0.034590626006296
2023-02-02,0.14053894080089
2023-02-03,0.11610931534132
2023-02-06,0.12646090805533
2023-02-07,0.18043356871344
2023-02-08,0.22137460432281
2023-02-09,0.6550367012781
2023-02-10,0.57398585090672
2023-02-13,0.57178203053707
2023-02-14,0.55645457906378
2023-02-15,0.54580786966254
2023-02-16,0.32866491551767
2023-02-17,0.27840894598294
2023-02-21,0.22347557543761
2023-02-22,0.1282272390369
2023-02-23,-0.49104577556946
2023-02-24,-0.59101862492937
2023-02-27,-0.59248958773108
2023-02-28,-0.634304756336
2023-03-01,-0.70745654816784
2023-03-02,-0.8897783591787
2023-03-03,-0.89510584933235
2023-03-06,-0.87801569085943
2023-03-07,-0.82520121728048
2023-03-08,-0.75915953035691
2023-03-09,-0.64061034863181
2023-03-10,-0.69127049804653
2023-03-13,-0.67900488722324
2023-03-14,-0.69815508337314
2023-03-15,-0.63651853760324
2023-03-16,-0.90074357648299
2023-03-17,-0.92878476054623
2023-03-20,-0.83522383455453
2023-03-21,-0.90407450796639
2023-03-22,-0.86902751214248
2023-03-23,-0.86970768122816
2023-03-24,-0.80780783956378
2023-03-27,-0.76867053325782
2023-03-28,-0.77490438658524
2023-03-29,-0.76298155578614
2023-03-30,-0.61863238765737
2023-03-31,-0.6429636650256
2023-04-03,-0.70378102899891
2023-04-04,-0.73720212981263
2023-04-05,-0.771050666863
2023-04-06,-0.13749248183903
2023-04-10,-0.1143540534057
2023-04-11,-0.1464995426404
2023-04-12,-0.10003863710246
2023-04-13,-0.25345615454013
2023-04-14,-0.2310899042159
2023-04-17,-0.21798694829565
2023-04-18,-0.20484406112779
2023-04-19,-0.15868864854432
2023-04-20,-0.13532635340417
2023-04-21,-0.079151376276521
2023-04-24,0.015305485576843
2023-04-25,0.024417981304679
2023-04-26,-0.0046713101577547
2023-04-27,-0.2311046459733
2023-04-28,-0.26167788508066
2023-05-01,-0.23926577474502
2023-05-02,-0.28451863001024
2023-05-03,-0.32512415384042
2023-05-04,-0.47182831477439
2023-05-05,-0.49807623168583
2023-05-08,-0.57803301360293
2023-05-09,-0.53622957111611
2023-05-10,-0.47995460537685
2023-05-11,-0.15748607079357
2023-05-12,-0.12625416052639
2023-05-15,-0.10497859505803
2023-05-16,-0.064206073760505
2023-05-17,-0.0041615233238353
2023-05-18,-0.10837084902119
2023-05-19,-0.082511846489454
2023-05-22,0.02639670964095
2023-05-23,-0.0062394465849612
2023-05-24,-0.053211891202028
2023-05-25,0.085500395292963
2023-05-26,0.10747740718909
2023-05-30,0.12983067297444
2023-05-31,0.073814615498659
2023-06-01,0.27052356601149
2023-06-02,0.30507345563448
2023-06-05,0.2754545981868
2023-06-06,0.2257840168725
2023-06-07,0.28169202997707
2023-06-08,1.2520862381625
2023-06-09,1.2857064319736
2023-06-12,1.2889547645321
2023-06-13,1.3333087757527
2023-06-14,1.3617362831301
2023-06-15,1.4312489299154
2023-06-16,1.4000266270666
2023-06-20,1.467513147123
2023-06-21,1.4773413869637
2023-06-22,1.2877446535617
2023-06-23,1.2794888005889
2023-06-26,1.2505145221701
2023-06-27,1.231903077036
2023-06-28,1.2239624611811
2023-06-29,1.2817099617919
2023-06-30,1.2883203343342
2023-07-03,1.2847221522352
2023-07-05,1.2324090215444
2023-07-06,1.4590745356304
2023-07-07,1.4601593674772
2023-07-10,1.4770641589003
2023-07-11,1.5645735279992
2023-07-12,1.5973053740971
2023-07-13,1.3936714133143
2023-07-14,1.4097139197055
2023-07-17,1.4302735823085
2023-07-18,1.4611661086886
2023-07-19,1.5248608904847
2023-07-20,2.0047483043671
2023-07-21,1.9831421183625
2023-07-24,1.9944002997725
2023-07-25,1.9133442759228
2023-07-26,1.8488057568934
2023-07-27,1.5000027057907
2023-07-28,1.4541961435572
2023-07-31,1.4197606115824
2023-08-01,1.3856167440643
2023-08-02,1.3079403640436
2023-08-03,1.5032751726446
2023-08-04,1.4104146545332
2023-08-07,1.2900298518568
2023-08-08,1.2135557565283
2023-08-09,1.197985507302
2023-08-10,0.88898443068026
2023-08-11,0.84326001096557
2023-08-14,0.80296326263442
2023-08-15,0.68513003029459
2023-08-16,0.52298016029326
2023-08-17,0.020450888988036
2023-08-18,-0.03937165259218
2023-08-21,0.028211244342201
2023-08-22,0.056859468346844
2023-08-23,-0.052716538605711
2023-08-24,-0.34886049929536
2023-08-25,-0.40654691272774
2023-08-28,-0.44185765010468
2023-08-29,-0.38887067558253
2023-08-30,-0.29198727196353
2023-08-31,-0.14789275199883
2023-09-01,-0.10098118182043
2023-09-05,-0.17625582439304
2023-09-06,-0.32932918678822
2023-09-07,0.11282027830513
2023-09-08,0.15373591550456
2023-09-11,0.21137611654532
2023-09-12,0.2409956655638
2023-09-13,0.06950610503192
2023-09-14,-0.13064801079377
2023-09-15,-0.12432326164057
2023-09-18,-0.11795280175903
2023-09-19,-0.039116333457012
2023-09-20,0.044943011939289
2023-09-21,-0.21667916589202
2023-09-22,-0.27674823642597
2023-09-25,-0.31979280973514
2023-09-26,-0.40147420255536
2023-09-27,-0.41043771596031
2023-09-28,-0.65303452348078
2023-09-29,-0.70623744134868
2023-10-02,-0.73689356988307
2023-10-03,-0.85528621450733
2023-10-04,-1.1306614330001
2023-10-05,-1.1568146578794
2023-10-06,-1.040587874673
2023-10-09,-1.0288609597727
2023-10-10,-0.93148722870131
2023-10-11,-0.9103825978505
2023-10-12,-0.53268640178851
2023-10-13,-0.53760306759916
2023-10-16,-0.51059271759449
2023-10-17,-0.46284356117075
2023-10-18,-0.15566697408602
2023-10-19,-0.13712161600365
2023-10-20,-0.17616065527976
2023-10-23,-0.070954598720802
2023-10-24,-0.035344684681374
2023-10-25,-0.031905651097417
2023-10-26,-0.42439153981577
2023-10-27,-0.4814526501995
2023-10-30,-0.5006734568973
2023-10-31,-0.52001250433424
2023-11-01,-0.50105692176189
2023-11-02,-0.82592666715189
2023-11-03,-0.75091835018065
2023-11-06,-0.85991707216635
2023-11-07,-0.89684575631773
2023-11-08,-0.84941178927491
2023-11-09,0.3726191032232
2023-11-10,0.40404447666615
2023-11-13,0.38349158868612
2023-11-14,0.4501953425592
2023-11-15,0.55900830117167
2023-11-16,0.62451750404311
2023-11-17,0.65522958346713
2023-11-20,0.74057316501453
2023-11-21,0.68739372415829
2023-11-22,0.83516616680432
2023-11-23,1.0113962876011
2023-11-24,1.0215791978392
2023-11-27,1.0192500505741
2023-11-28,1.1107223084482
2023-11-29,1.2151757569321
2023-11-30,1.3800395642973
2023-12-01,1.4166894395053
2023-12-04,1.4336615926694
2023-12-05,1.4503000489939
2023-12-06,1.5551050768154
2023-12-07,1.2902670971651
2023-12-08,1.4245278552596
2023-12-11,1.544973790752
2023-12-12,1.5326467786815
2023-12-13,1.4014638581789
2023-12-14,1.7824266225274
2023-12-15,1.8152563339862
2023-12-18,1.71750422455
2023-12-19,1.7268137686327
2023-12-20,1.6927306297035
2023-12-21,1.6789897566537
2023-12-22,1.6838177587636
2023-12-26,1.6771294481848
2023-12-27,1.6151013363206
2023-12-28,1.3997453464528
2023-12-29,1.3243301990894
2024-01-02,1.2172805097734
2024-01-03,1.16091966155
2024-01-04,1.2173211586621
2024-01-05,1.055241169817
2024-01-08,1.1175972611746
2024-01-09,1.0765114009208
2024-01-10,0.84058096774709
2024-01-11,0.84716086083646
2024-01-12,0.85131286845738
2024-01-16,0.79586624954669
2024-01-17,0.74666867974286
2024-01-18,0.55664153101296
2024-01-19,0.60082792636726
2024-01-22,0.83430961435591
2024-01-23,0.78595063112776
2024-01-24,0.75701014663733
2024-01-25,0.96493726818855
2024-01-26,1.0461512898535
2024-01-29,1.0030879798202
2024-01-30,1.0642703762986
2024-01-31,1.1186228623251
2024-02-01,1.346620804537
2024-02-02,1.2366944097337
2024-02-05,1.159377367247
2024-02-06,1.2125152730651
2024-02-07,1.2008408078415
2024-02-08,1.3090793288956
2024-02-09,1.3615218710385
2024-02-12,1.317053445725
2024-02-13,1.3244254471687
2024-02-14,1.2929720307205
2024-02-15,1.1089693701323
2024-02-16,1.1762349840393
2024-02-20,1.1720725960247
2024-02-21,0.99417948664959
2024-02-22,1.0826913765388
2024-02-23,1.0016150319221
2024-02-26,0.88221803561867
2024-02-27,0.89805792914336
2024-02-28,0.90761964188852
2024-02-29,1.0993926188872
2024-03-01,1.0180275274698
2024-03-04,1.0588676913494
2024-03-05,0.98416797655965
2024-03-06,0.9998670817595
2024-03-07,1.1074589815415
2024-03-08,1.1281809580379
2024-03-11,1.1040080785527
2024-03-12,1.0348608442794
2024-03-13,1.0300639877256
2024-03-14,0.90062987877682
2024-03-15,1.0060184739698
2024-03-18,1.0021444113982
2024-03-19,1.0113511376272
2024-03-20,1.0591349441794
2024-03-21,0.83735396653747
2024-03-22,0.59812241285444
2024-03-25,0.60385111779738
2024-03-26,0.64842028881115
2024-03-27,0.55156539367415
2024-03-28,0.64088665757943
2024-04-01,0.54852569696003
2024-04-02,0.48886724304905
2024-04-03,0.46155112787121
2024-04-04,0.36887713001233
2024-04-05,0.23841700056496
2024-04-08,0.41319744319224
2024-04-09,0.39191693728131
2024-04-10,0.38365343668111
2024-04-11,0.27455466968738
2024-04-12,0.49483988103483
2024-04-15,0.50644495771036
2024-04-16,0.58340356430449
2024-04-17,0.44515152794425
2024-04-18,0.11418600158271
2024-04-19,0.21815747968202
2024-04-22,0.28930623082659
2024-04-23,0.30096712707121
2024-04-24,0.34499400263074
2024-04-25,0.23069264281991
2024-04-26,0.13069585349042
2024-04-29,0.12133335006875
2024-04-30,0.04591507714684
2024-05-01,0.18040903174971
2024-05-02,0.36460251246879
2024-05-03,0.42095054865745
2024-05-06,0.1644175915092
2024-05-07,0.18769344592533
2024-05-08,0.16383035904048
2024-05-09,0.48118986521986
2024-05-10,0.54500000411116
2024-05-13,0.56826595094592
2024-05-14,0.59201666194132
2024-05-15,0.71222712008009
2024-05-16,0.84024102481755
2024-05-17,0.92615082780997
2024-05-20,1.1221904845952
2024-05-21,1.2282091503872
2024-05-22,1.3261116400094
2024-05-23,1.3615570297162
2024-05-24,1.2870320360522
2024-05-28,1.2885834230501
2024-05-29,1.2150204442943
2024-05-30,0.91737708277657
2024-05-31,0.83167165258082
2024-06-03,0.7745076309125
2024-06-04,0.80655241002199
2024-06-05,0.70223735733218
2024-06-06,0.45442785041965
2024-06-07,0.48777862279913
2024-06-10,0.55416646604926
2024-06-11,0.5516892921111
2024-06-12,0.7805478676477
2024-06-13,1.2182745342336
2024-06-14,1.220010370016
2024-06-17,1.2292365456285
2024-06-18,1.2792808829823
2024-06-20,1.4214022466625
2024-06-21,1.5241187553843
2024-06-24,1.4706941797906
2024-06-25,1.4646292109593
2024-06-26,1.5455453314837
2024-06-27,1.2681785852883
2024-06-28,1.1954337338546
2024-07-01,1.1900272385064
2024-07-02,1.138150281685
2024-07-03,1.1537045980793
2024-07-04,1.1368119177195
2024-07-05,1.1195119412901
2024-07-08,1.1421273069794
2024-07-09,1.1511648467372
2024-07-10,1.1797993882383
2024-07-11,1.4415467372367
2024-07-12,1.4561784503909
2024-07-15,1.483957919233
2024-07-16,1.5700412766816
2024-07-17,1.6546673670005
2024-07-18,1.6741095057079
2024-07-19,1.7240605143133
2024-07-22,1.6636467217792
2024-07-23,1.6167939398329
2024-07-24,1.5001758331369
2024-07-25,0.93065410990104
2024-07-26,0.78627003347445
2024-07-29,0.73216566433645
2024-07-30,0.56952562822805
2024-07-31,0.45856464452588
2024-08-01,0.63197504852695
2024-08-02,0.39930832958645
2024-08-05,0.1354743292184
2024-08-06,0.038914791665254
2024-08-07,0.013100654954603
2024-08-08,-0.53816429509589
2024-08-09,-0.4662903567136
2024-08-12,-0.52842951575244
2024-08-13,-0.48843153454758
2024-08-14,-0.44223347223422
2024-08-15,-0.17450420668233
2024-08-16,0.0045399237714277
2024-08-19,0.36158915810679
2024-08-20,0.53306178895707
2024-08-21,0.65941142894306
2024-08-22,1.1874296625375
2024-08-23,1.0947936758903
2024-08-26,1.1609993161217
2024-08-27,1.1439675166471
2024-08-28,1.139390016516
2024-08-29,1.0347273706294
2024-08-30,1.1257350298918
2024-09-03,1.0645296075006
2024-09-04,0.96555229495531
2024-09-05,0.86760912273745
2024-09-06,0.73739510562797
2024-09-09,0.7216820625023
2024-09-10,0.6996238724122
2024-09-11,0.78599471143636
2024-09-12,0.46333664285356
2024-09-13,0.46701069908697
2024-09-16,0.40673958183734
2024-09-17,0.41059988248402
2024-09-18,0.42734329461915
2024-09-19,0.7657917039035
2024-09-20,0.93626267781623
2024-09-23,1.0999871832974
2024-09-24,1.1225189775194
2024-09-25,1.1833588219669
2024-09-26,1.3155365338332
2024-09-27,1.4136516339909
2024-09-30,1.3452156305354
2024-10-01,1.2901590539884
2024-10-02,1.2482068239141
2024-10-03,1.081605089799
2024-10-04,0.96838234794288
2024-10-07,0.98990698511047
2024-10-08,0.97300028531656
2024-10-09,0.83510622163415
2024-10-10,1.0604940072322
2024-10-11,0.98131045769408
2024-10-14,1.0429837510463
2024-10-15,1.0406875776828
2024-10-16,1.121162774414
2024-10-17,0.86080179638417
2024-10-18,0.99114843097222
2024-10-21,0.91804342259591
2024-10-22,0.87720043657421
2024-10-23,0.90626298443777
2024-10-24,0.56109060532349
2024-10-25,0.5454222568057
2024-10-28,0.42887581569328
2024-10-29,0.4137954663245
2024-10-30,0.39247271790608
2024-10-31,0.36869548726942
2024-11-01,0.1716715346193
2024-11-04,-0.10079550039174
2024-11-05,-0.10766000950197
2024-11-06,-0.083315614061543
2024-11-07,0.095779147380213
2024-11-08,0.15087165568569
2024-11-11,0.31343122082938
2024-11-12,0.3809982453237
2024-11-13,0.42958482838727
2024-11-14,0.73482911961556
2024-11-15,0.87103959395182
2024-11-18,1.188416196473
2024-11-19,1.258586285425
2024-11-20,1.3028591998164
2024-11-21,0.91794432238987
2024-11-22,0.88760736587841
2024-11-25,0.86372388421069
2024-11-26,0.8459665573475
2024-11-27,0.82833965434914
2024-11-28,0.54273794936398
2024-11-29,0.53127859605663
2024-12-02,0.54431850534965
2024-12-03,0.53284750600387
2024-12-04,0.56996888135544
2024-12-05,1.1310015336361
2024-12-06,1.1010280611132
2024-12-09,1.1316360515095
2024-12-10,1.0837400052423
2024-12-11,1.0903073760435
2024-12-12,0.89974448079176
2024-12-13,0.90629034680872
2024-12-16,0.91331077758078
2024-12-17,0.92035918388955
2024-12-18,0.8854069657406
2024-12-19,0.70123178000222
2024-12-20,0.64342345108348
2024-12-23,0.57915999139034
2024-12-24,0.50258259545125
2024-12-26,0.33346084594925
2024-12-27,0.31985625871453
2024-12-30,0.26863470597387
2024-12-31,0.29184793577265
2025-01-02,0.06444984622453
2025-01-03,0.08769208923127
2025-01-06,0.20195115022535
2025-01-07,0.29683304903174
2025-01-08,0.25401570785267
2025-01-09,-0.38419300875553
2025-01-10,-0.51303048929175
2025-01-13,-0.55498410091802
2025-01-14,-0.45711035643466
2025-01-15,-0.49257965385799
2025-01-16,-0.76715222692109
2025-01-17,-0.68538102088397
2025-01-21,-0.63022078548038
2025-01-22,-0.61522888991755
2025-01-23,0.43217883449043
2025-01-24,1.0714605586075
2025-01-27,1.1175883678978
2025-01-28,1.2409918845617
2025-01-29,1.264721286075
2025-01-30,1.1372999457028
2025-01-31,1.1279883674067
2025-02-03,0.96594103206164
2025-02-04,0.88306726097246
2025-02-05,0.8588921468873
2025-02-06,0.30947560772586
2025-02-07,0.28932863948219
2025-02-10,0.36329165469761
2025-02-11,0.31070174581064
2025-02-12,0.22746191639482
2025-02-13,-0.2342328394634
2025-02-14,-0.13814457386667
2025-02-18,-0.030985739585282
2025-02-19,-0.061915957553178
2025-02-20,0.20204663567269
2025-02-21,0.15338528345406
2025-02-24,0.037349752116661
2025-02-25,-0.059284949817438
2025-02-26,-0.11832775376564
2025-02-27,-1.056591490678
2025-02-28,-1.0288012365591
2025-03-03,-1.1681980215724
2025-03-04,-1.2518873976654
2025-03-05,-1.1619861952973
2025-03-06,-1.1731580261023
2025-03-07,-1.1837024193743
2025-03-10,-1.1447156639575
2025-03-11,-1.1307906775115
2025-03-12,-1.1170427314916
2025-03-13,-1.2970450874371
2025-03-14,-1.3175354875818
2025-03-17,-1.2944022616031
2025-03-18,-1.208682480545
2025-03-19,-1.2795434206706
2025-03-20,-1.0964706866235
2025-03-21,-1.0439344460519
2025-03-24,-0.94140493245261
2025-03-25,-0.86421912082429
2025-03-26,-0.88732339159007
2025-03-27,-0.50834899759932
2025-03-28,-0.54712854633733
2025-03-31,-0.58579361485125
2025-04-01,-0.66815185696928
2025-04-02,-0.71290120413918
2025-04-03,-1.3563895333994
2025-04-04,-1.5703958765375
2025-04-07,-1.8344369909421
2025-04-08,-2.0975537451289
2025-04-09,-2.1402277212428
2025-04-10,-1.9456388962499
2025-04-11,-1.7885848453452
2025-04-14,-1.8064246801865
2025-04-15,-1.8673113341866
2025-04-16,-1.8594632195341
2025-04-17,-1.7208354389817
2025-04-21,-1.6026257291596
2025-04-22,-1.3921625267405
2025-04-23,-1.1823379080459
2025-04-24,-1.2050553264121
2025-04-25,-1.014775175549
2025-04-28,-1.0475397472594
2025-04-29,-0.96275708120637
2025-04-30,-0.84120437482738
2025-05-01,-0.88674278564804
2025-05-02,-0.85173928047987
2025-05-05,-0.79842123846225
2025-05-06,-0.81949172801457
2025-05-07,-0.75407739508544
2025-05-08,-0.21759246239028
2025-05-09,-0.19354017112126
2025-05-12,-0.20034649306303
2025-05-13,-0.14571205368834
2025-05-14,-0.067002034842291
2025-05-15,0.37557992556809
2025-05-16,0.46234575772607
2025-05-19,0.48738564402068
2025-05-20,0.56052540174603
2025-05-21,0.50030361566046
2025-05-22,0.66489042823534
2025-05-23,0.55241722875862
2025-05-27,0.53079739964795
2025-05-28,0.51539353221329
2025-05-29,0.20802722704927
2025-05-30,0.086786767859516
2025-06-02,-0.0098399852770272
2025-06-03,-0.046515191714041
2025-06-04,-0.089132679940876
2025-06-05,-0.065463213061405
2025-06-06,-0.022701057465166
2025-06-09,0.073456484144575
2025-06-10,0.080014898843564
2025-06-11,0.092606831826499
2025-06-12,0.3436655782903
2025-06-13,0.33809169725268
2025-06-16,0.30873804999276
2025-06-17,0.3034350854637
2025-06-18,0.23300332942867
2025-06-19,-0.062363659151603
2025-06-20,-0.072761680351643
2025-06-23,-0.11881678425969
2025-06-24,-0.1826293837113
2025-06-25,-0.14545572036838
2025-06-26,-0.053208995475866
2025-06-27,0.019397031281045
2025-06-30,0.056163919762427
2025-07-01,0.080752754577405
2025-07-02,0.14692916366077
2025-07-03,0.70184074423541
2025-07-07,0.67775252854946
2025-07-08,0.72499019863782
2025-07-09,0.73078798103374
2025-07-10,0.59382281857246
2025-07-11,0.55231326673422
2025-07-14,0.49344015997064
2025-07-15,0.49389829656076
2025-07-16,0.49465621317633
2025-07-17,0.36941002196798
2025-07-18,0.40052668473352
2025-07-21,0.42573725229712
2025-07-22,0.42689318506267
2025-07-23,0.47491513403644
2025-07-24,0.46450292775161
2025-07-25,0.4234255110413
2025-07-28,0.42364132751386
2025-07-29,0.35902626924708
2025-07-30,0.33564668869054
2025-07-31,0.32031965030495
2025-08-01,0.20325774000934
2025-08-04,0.19221905791601
2025-08-05,0.1928408066489
2025-08-06,0.16400247622993
2025-08-07,-0.18749115219908
2025-08-08,-0.15737207817371
2025-08-11,-0.14505069400678
2025-08-12,-0.15059574633292
2025-08-13,-0.073817307188827
2025-08-14,-0.18030145143872
2025-08-15,-0.091451396690783
2025-08-18,-0.026460391550702
2025-08-19,-0.05026877747171
2025-08-20,-0.062075308673541
2025-08-21,-0.079633083073562
2025-08-22,-0.09214892840339
2025-08-25,-0.11059807531401
2025-08-26,-0.075358969819898
2025-08-27,-0.064122740796009
2025-08-28,0.15251761636414
2025-08-29,0.12703566733532
2025-09-02,0.041482866765351
2025-09-03,0.064301956179646
2025-09-04,-0.13889786368545
2025-09-05,-0.035953233046439
2025-09-08,0.012432798534888
2025-09-09,0.0061130946735575
2025-09-10,0.048700214852033
2025-09-11,-0.30073365478319
2025-09-12,-0.26273470304663
2025-09-15,-0.29842217565703
2025-09-16,-0.20491228653178
2025-09-17,-0.32124521733808
2025-09-18,0.34880215939809
2025-09-19,0.33457927992366
2025-09-22,0.32663335193968
2025-09-23,0.30638452883683
2025-09-24,0.27985239056285
2025-09-25,0.33589580881694
2025-09-26,0.3399860059089
2025-09-29,0.40742460668767
2025-09-30,0.33574345550571
2025-10-01,0.52088118323417
2025-10-02,0.5155544646773
2025-10-03,0.46969901754975
2025-10-06,0.5223268658042
2025-10-07,0.51524648536139
2025-10-08,0.58188795584999
2025-10-09,0.8209491296295
2025-10-10,0.71292574013389
2025-10-13,0.69296219945239
2025-10-14,0.70733675098949
2025-10-15,0.69911316443069
2025-10-16,0.067346637473833
2025-10-17,0.003641861018238
2025-10-20,-0.088902048455541
2025-10-21,-0.068098444268497
2025-10-22,-0.118516812826
2025-10-23,0.017127313730746
2025-10-24,0.1012762248688
2025-10-27,0.11377630282576
2025-10-28,0.20606086465782
2025-10-29,0.20424712355634
2025-10-30,0.57910289633369
2025-10-31,0.62718716748465
2025-11-03,0.57307887412186
2025-11-04,0.5926819571238
2025-11-05,0.57516948509775
2025-11-06,0.40655328750745
2025-11-07,0.24145554031712
2025-11-10,0.21076517537235
2025-11-11,0.12678214393293
2025-11-12,0.12590078647925
2025-11-13,-0.40104389763058
2025-11-14,-0.53789601930654
2025-11-17,-0.56769593108268
2025-11-18,-0.61314210238391
2025-11-19,-0.71233901612838
2025-11-20,-0.59348223516901
2025-11-21,-0.43059511249914
2025-11-24,-0.49229041253123
2025-11-25,-0.56154620953252
2025-11-26,-0.63820766026036
2025-11-27,-0.6292853570511
2025-11-28,-0.52708597376428
2025-12-01,-0.4560181159208
2025-12-02,-0.31484014149421
2025-12-03,-0.31381701557773
2025-12-04,0.48802767455297
2025-12-05,0.64342279425644
2025-12-08,0.61192655013434
2025-12-09,0.68152291456601
2025-12-10,0.70391339598937
2025-12-11,0.75652215204667
2025-12-12,0.59392730584126
2025-12-15,0.61770809231426
2025-12-16,0.50200820063518
2025-12-17,0.44081949137933
2025-12-18,0.35094826423419
2025-12-19,0.27448349049661
2025-12-22,0.29120849483486
2025-12-23,0.30777781055632
2025-12-24,0.30813499267151
2025-12-25,0.081150635778048
2025-12-26,0.065868268711949
2025-12-29,0.050486410916507
2025-12-30,0.12060051895209
2025-12-31,-0.027199125538907
2026-01-01,0.31269701725704
2026-01-02,0.43708132207768
2026-01-05,0.35820050357128
2026-01-06,0.31819885786351
2026-01-07,0.26235326130126
2026-01-08,0.16778575618901
2026-01-09,0.29325999599262
2026-01-12,0.19648533139024
2026-01-13,0.23472356725469
2026-01-14,0.15417297621977
2026-01-15,0.63571107508242
2026-01-16,0.71348489292193
2026-01-20,0.70367690315647
2026-01-21,0.74192631021744
2026-01-22,0.60113217768872
2026-01-23,0.56003856654164
2026-01-26,0.39166647202818
2026-01-27,0.55922563839689
2026-01-28,0.61452890637981
2026-01-29,0.7728813050816
2026-01-30,0.7798091764692
2026-02-02,0.61970141194933
2026-02-03,0.6672306182091
2026-02-04,0.54763627206508
2026-02-05,0.33888331074591
2026-02-06,0.355247678784
2026-02-09,0.41932338950827
2026-02-10,0.25160001590343
2026-02-11,0.092334561444139
2026-02-12,-0.2731385457904
2026-02-13,-0.32035364603543
2026-02-17,-0.35927866565121
2026-02-18,-0.4938460319174
2026-02-19,-0.46822361059516
2026-02-20,-0.45171501871146
2026-02-23,-0.50692382503117
2026-02-24,-0.49788431878053
2026-02-25,-0.40140090877569
2026-02-26,-0.38936516170917
2026-02-27,-0.30893742477808
2026-03-02,-0.35661449148948
2026-03-03,-0.34008925560719
2026-03-04,-0.28333931387565
2026-03-05,-0.19144015444989
2026-03-06,-0.23947871880934
2026-03-09,-0.2956253613969
2026-03-10,-0.35194276448391
2026-03-11,-0.51275742945246
2026-03-12,-0.90369664429452
2026-03-13,-0.95031844472271
2026-03-16,-1.0367754762406
2026-03-17,-1.0665272425332
2026-03-18,-1.210066913472
2026-03-19,-1.3623271324895
2026-03-20,-1.3994083761158
2026-03-23,-1.3888042287924
2026-03-24,-1.3480577243628
2026-03-25,-1.30014900898
2026-03-26,-1.2633409487116
2026-03-27,-1.3142062358463
2026-03-30,-1.3328322603725
2026-03-31,-1.3040326362248
2026-04-01,-1.2315981794127
2026-04-02,-1.4126883132496
2026-04-06,-1.422992823593
2026-04-07,-1.3995277116529
2026-04-08,-1.5151137529044
2026-04-09,-1.1269028020237
2026-04-10,-0.97510150781516
2026-04-13,-0.90054606576805
2026-04-14,-0.57341590239879
2026-04-15,-0.42225757756784
2026-04-16,-0.22533346724852
2026-04-17,0.10603422016102
2026-04-20,0.19887789114408
2026-04-21,0.2145481161574
2026-04-22,0.35798818483934
2026-04-23,0.990173561537
2026-04-24,1.0127966853924
2026-04-27,1.0178141265115
2026-04-28,0.8867209357566
2026-04-29,0.75581733462444
2026-04-30,0.28173051019817
2026-05-07,0.28068309218628
2026-05-08,0.27965838443685
