id,record_date,interest,balance
1,2005-02-01,150182548678.45,8108507591000
2,2005-03-01,154607297122,8207557857800
3,2005-04-01,155140190230.8,8106964570000
4,2005-05-01,156239157425.45,8100121792000
5,2005-06-01,158291759925.561,8062074774258.3
6,2005-07-01,160413740808.35,8125700019000
7,2005-08-01,163591323020.25,8212789808000
8,2005-09-01,164792606081.7,8169651786000
9,2005-10-01,168097034067.8,8262485328700
10,2005-11-01,171184193547.3,8370414303600
11,2005-12-01,172805005241.55,8333815363700
12,2006-01-01,176708305255.097,8389559021457.22
13,2006-02-01,182041788724.008,8555023970426.78
14,2006-03-01,187682021010.504,8680695444846.84
15,2006-04-01,185186899762.461,8531973968663.58
16,2006-05-01,187916838085.443,8538376772900.1
17,2006-06-01,189508149686.177,8507933491958.98
18,2006-07-01,191589805292.846,8560720483360
19,2006-08-01,197010924757.026,8689244820926.72
20,2006-09-01,194975380156.286,8574323574200.3
21,2006-10-01,198446172392.715,8675841870517.76
22,2006-11-01,202190033945.084,8761891546755.04
23,2006-12-01,199204775876.454,8651846878152.24
24,2007-01-01,200887036659.458,8694768918553.34
25,2007-02-01,204621554934.722,8817015274081.92
26,2007-03-01,206280271417.589,8905467238367.5
27,2007-04-01,204672831618.364,8824666492610.32
28,2007-05-01,203291522365.165,8756443198133.26
29,2007-06-01,200285365998.687,8651436872345.16
30,2007-07-01,204357688260.499,8806743124905.08
31,2007-08-01,208583298575.732,8992300112129.7
32,2007-09-01,204484645763.48,8869579313522.44
33,2007-10-01,204978883872.301,8929363721475.04
34,2007-11-01,206605562918.362,9086419246531.68
35,2007-12-01,203820772471.013,9073074158179.4
36,2008-01-01,198770808033.791,9065676839163.4
37,2008-02-01,198739042359.778,9322680087414.44
38,2008-03-01,196388998140.427,9464628538229.54
39,2008-04-01,188800289249.494,9285031173155.44
40,2008-05-01,183666400200.04,9344341607481.28
41,2008-06-01,181241575556.665,9392759657402.16
42,2008-07-01,180370868147.74,9644156275122.96
43,2008-08-01,178467423689.354,9777180280570.5
44,2008-09-01,186326196477.003,10471859446072.7
45,2008-10-01,196889503407.07,11458629076397.4
46,2008-11-01,195924564529.523,11620901545950.6
47,2008-12-01,191066699925.645,11595197678787.8
48,2009-01-01,185289959874.603,11476766372577.9
49,2009-02-01,184546412990.389,12001656462576.1
50,2009-03-01,184054642706.354,12532152881051.4
51,2009-04-01,182838469137.422,12726693688145.8
52,2009-05-01,179968537799.732,12885962531921.4
53,2009-06-01,182482410539.974,13224132286753
54,2009-07-01,181631311490.266,13565475007730.9
55,2009-08-01,180742905615.154,13878390236626.2
56,2009-09-01,180831779672.219,14019379208132.4
57,2009-10-01,178691158809.159,13871313659818.3
58,2009-11-01,181497393629.439,14349059180294.4
59,2009-12-01,184134044796.215,14544906437774.6
60,2010-01-01,184053020687.44,14426097044893.1
61,2010-02-01,185311809195.491,14783777397286.5
62,2010-03-01,191359975426.279,15513998080598.7
63,2010-04-01,194632230512.079,15802472435865.3
64,2010-05-01,194711053398.175,15884288213640.9
65,2010-06-01,197870658687.274,16204733469853.1
66,2010-07-01,197688674474.703,16323201170024
67,2010-08-01,199495067116.203,16808844989558.6
68,2010-09-01,200676877310.262,16996568065840.3
69,2010-10-01,200644734189.605,17049849400236.3
70,2010-11-01,203530574763.984,17496491476111.8
71,2010-12-01,205715098915.343,17726440234132
72,2011-01-01,207572839292.583,17929329122842.4
73,2011-02-01,209443276637.986,18125353994739.2
74,2011-03-01,211908341117.32,18265399734714.1
75,2011-04-01,211697877968.347,18186170129149.9
76,2011-05-01,215623374524.647,18524381706088.5
77,2011-06-01,216919002137.786,18669216882736.9
78,2011-07-01,216921223192.634,18695298926580
79,2011-08-01,217730534622.085,19043531365869.3
80,2011-09-01,218114453184.59,19249012092069.4
81,2011-10-01,219104252936.334,19492984993399.4
82,2011-11-01,219566390158.303,19756554171581.8
83,2011-12-01,218771638898.177,19812245788739.3
84,2012-01-01,219491878004.138,20137740928880.2
85,2012-02-01,218537366571.966,20444516649282.2
86,2012-03-01,218120718941.981,20614650680281.4
87,2012-04-01,218806236146.366,20800075218675.4
88,2012-05-01,218993540041.386,20972266251169.6
89,2012-06-01,218448206768.444,20986796053982.5
90,2012-07-01,218111278254.473,21214616617852.8
91,2012-08-01,217449404805.261,21513971513888.2
92,2012-09-01,216883385274.161,21446434230855.4
93,2012-10-01,217855844278.673,21774858585857
94,2012-11-01,217607060724.475,22065490256984.2
95,2012-12-01,217699320421.206,22106327368692.2
96,2013-01-01,218046588723.988,22230564769757
97,2013-02-01,218004107450.407,22616629446030.2
98,2013-03-01,217718240413.237,22738793002444.4
99,2013-04-01,218043616821.42,22833444730901.8
100,2013-05-01,217461333944.196,22794545335118
101,2013-06-01,216964515384.521,22731657656285.4
102,2013-07-01,218477072810.539,22966905017922
103,2013-08-01,217381389409.701,23112374042043.6
104,2013-09-01,219742354053.694,23192234148187.4
105,2013-10-01,221031002721.384,23389918909075
106,2013-11-01,224555950639.039,23518794126242.8
107,2013-12-01,227195465950.622,23738792628752
108,2014-01-01,228298883190.351,23650567514138.6
109,2014-02-01,228951181208.504,24022810417470.6
110,2014-03-01,230766678670.607,24270909067184.6
111,2014-04-01,231762377215.224,24057928108846.6
112,2014-05-01,230703131026.162,24025588179551.8
113,2014-06-01,233157875899.567,24168358586619.2
114,2014-07-01,234080486666.526,24325667876075.4
115,2014-08-01,233074323609.382,24415296462278.4
116,2014-09-01,235808511277.944,24588350446241.8
117,2014-10-01,237068516852.524,24725073974302
118,2014-11-01,236211341122.224,24764466587386.4
119,2014-12-01,238712226835.326,25036713696632.9
120,2015-01-01,238186933720.285,24888834840169.2
121,2015-02-01,236685981665.728,25062539713668
122,2015-03-01,238800658636.098,25287537232142.2
123,2015-04-01,239575612430.376,25290934110250.2
124,2015-05-01,238549518672.616,25300099211130.2
125,2015-06-01,241435800754.152,25422113364360.2
126,2015-07-01,242781939816.625,25626788838873.6
127,2015-08-01,242901084264.23,25693022054569.8
128,2015-09-01,244723490322.388,25707426484789.6
129,2015-10-01,245161580564.497,25538245250028.8
130,2015-11-01,247613467708.292,26245210345978.6
131,2015-12-01,250065966124.061,26413035578937
132,2016-01-01,250295641511.189,26269145735843.2
133,2016-02-01,251586595179.931,26625383138788.6
134,2016-03-01,253144771825.518,26892204145423.6
135,2016-04-01,253027810135.399,26901479552777.4
136,2016-05-01,253648069688.587,27106288651321.4
137,2016-06-01,253890291026.129,27193820871707.8
138,2016-07-01,252443551375.155,26853614338077.6
139,2016-08-01,253316124696.039,27198064194192.8
140,2016-09-01,253579115501.083,27321129842380.2
141,2016-10-01,255067457181.936,27540033765351.8
142,2016-11-01,255058820429.801,27842863402166.6
143,2016-12-01,254431122120.692,27746372762990.6
144,2017-01-01,256998672494.46,27727445703283.8
145,2017-02-01,258153938366.258,27797777852317.8
146,2017-03-01,259932246701.65,27933264214127.8
147,2017-04-01,260610431986.806,27764853209397.2
148,2017-05-01,262580662512.119,27965232653916.6
149,2017-06-01,265076027153.058,28018759129442.2
150,2017-07-01,267785241158.107,28120273380512.8
151,2017-08-01,269001314309.766,28187052407531.4
152,2017-09-01,270456754148.08,28308595746433.2
153,2017-10-01,275427671022.263,28547281619232.6
154,2017-11-01,278503669686.596,28875011080945
155,2017-12-01,278871319379.352,28868951994466.2
156,2018-01-01,284044140912.858,29029019139106.4
157,2018-02-01,289034796491.832,29355813486287.4
158,2018-03-01,294563997198.093,29791906386962.4
159,2018-04-01,301969037279.045,29699715891498.4
160,2018-05-01,307140092527.217,29878718912075
161,2018-06-01,308997848162.147,29870015066344.8
162,2018-07-01,317953829909.416,30170534306408.6
163,2018-08-01,325273463296.583,30603605496110
164,2018-09-01,326025084911.261,30463533765472.2
165,2018-10-01,335388724941.685,30715722887569.2
166,2018-11-01,342679427448.283,31120149166526.6
167,2018-12-01,347461412292.331,31236544806314.4
168,2019-01-01,352175085938.846,31239625605384.8
169,2019-02-01,357046546849.92,31539284613337
170,2019-03-01,360457677805.975,31783891410923.2
171,2019-04-01,364385954466.875,31761754526256.4
172,2019-05-01,365620221394.523,31882433639100.8
173,2019-06-01,362959139765.099,31768273912528
174,2019-07-01,365072709214.184,31936212589869.8
175,2019-08-01,363747680545.185,32201730152445
176,2019-09-01,366716050235.942,32694612494184.2
177,2019-10-01,367597257331.629,33028179500893.8
178,2019-11-01,364037121022.392,33164013245055
179,2019-12-01,364058035729.487,33364204746556
180,2020-01-01,362389169548.869,33439937003233.2
181,2020-02-01,359876786015.38,33738160068744.6
182,2020-03-01,357102828475.978,34325546635042.2
183,2020-04-01,357594545812.503,37071141226185.4
184,2020-05-01,352859319714.427,38361291561133.4
185,2020-06-01,350106838402.395,39811863098846.8
186,2020-07-01,340861742122.128,40015661108166.6
187,2020-08-01,329115455884.883,40381426086659.1
188,2020-09-01,324777039679.131,40749814238386.2
189,2020-10-01,322115446067.612,40725812333104
190,2020-11-01,318390457655.295,41384752883214.4
191,2020-12-01,311601190119.147,41960716174092
192,2021-01-01,306132346580.404,41937233573814.2
193,2021-02-01,299953704582.21,42200572954184.9
194,2021-03-01,301744743837.918,42776133609871.9
195,2021-04-01,301478951320.399,42913641618804.6
196,2021-05-01,297089376350.914,42726709189437.2
197,2021-06-01,299712853747.922,43477984159144.2
198,2021-07-01,297680292744.37,43233261466046.8
199,2021-08-01,298665863924.571,43864309395372.5
200,2021-09-01,299377165449.095,43757338379371.2
201,2021-10-01,297593155447.858,44096750183207
202,2021-11-01,298117042902.776,44703147906356.4
203,2021-12-01,299326118053.492,45180117303779.4
204,2022-01-01,302433901302.092,45837730776996.8
205,2022-02-01,307133710661.026,46391858572405
206,2022-03-01,315462255429.383,46572158517184.4
207,2022-04-01,320757677516.937,46331868923856.2
208,2022-05-01,337979921486.197,46614245054454.8
209,2022-06-01,351416751051.192,46623098627992.5
210,2022-07-01,363501833814.981,46518794887242.6
211,2022-08-01,387810324652.849,47349851211806.6
212,2022-09-01,408352802066.194,47388182362829
213,2022-10-01,431638642162.978,47486905462628
214,2022-11-01,459720262677.702,47906935108323.2
215,2022-12-01,479245662084.772,47744265416501
216,2023-01-01,513606063436.056,48255153201654.8
217,2023-02-01,538864043137.673,48565064401860.2
218,2023-03-01,556299096689.685,48764417381617.4
219,2023-04-01,558983185774.224,48339813036665
220,2023-05-01,580489598667.509,48656297289938
221,2023-06-01,613898465441.506,49773234260184
222,2023-07-01,641486138088.068,50275926611817.2
223,2023-08-01,670895496434.498,50955061929422.6
224,2023-09-01,689165317001.24,51372374831062
225,2023-10-01,721853030673.087,52006869804418.7
226,2023-11-01,745896600768.869,52543788012026
227,2023-12-01,726881124604.581,26436369846763
228,2024-01-01,718704831405.426,26604785223749.4
229,2024-02-01,712512096028.018,26772519242969.1
230,2024-03-01,713544254041.862,26939737200907.3
231,2024-04-01,721662831950.664,27107041172013.4
232,2024-05-01,726048557653.479,27275021691278.6
233,2024-06-01,734776000352.791,27443367687685.6
234,2024-07-01,771519559013.328,27612440970984.3
235,2024-08-01,798060695152.058,27784576217504.6
236,2024-09-01,812282576485.598,27958923225369.9
237,2024-10-01,834527712926.381,28134455390013
238,2024-11-01,849291668289.365,28311841316026.1
239,2024-12-01,863126367744.426,28490457571652.8
240,2025-01-01,880868524830.504,28670226718900.8
241,2025-02-01,893950255797.184,28851474379239.2
242,2025-03-01,905280811812.821,29033812183824.9
243,2025-04-01,932303944358.162,29217094201411.9
244,2025-05-01,951182906289.181,29402628146711
245,2025-06-01,967035175179.071,29589735338837.7
246,2025-07-01,987155722310.158,29778163553371.9
247,2025-08-01,1001808693004.5,29968268480167
248,2025-09-01,1013850426431.98,30159594487853.3
249,2025-10-01,1030959489666.75,30351923973325.3
250,2025-11-01,1045033253367.41,30545679214066.7
251,2025-12-01,1058042370091.99,30740607268450
252,2026-01-01,1073517769990.82,30936619415893.5
253,2026-02-01,1088117301025.95,31133921179995.4
254,2026-03-01,1100333019785.4,31332439571683.5
255,2026-04-01,1116838296402.73,31531975939934.8
256,2026-05-01,1131764878857.43,31732887747904.3
257,2026-06-01,1148650974308.51,31935043437745
258,2026-07-01,1166471585514.14,32138606302206.7
259,2026-08-01,1182843160130.14,32343654217602.1
260,2026-09-01,1196627484703.24,32550066430882.2
261,2026-10-01,1213372594626.36,32757627337876.8
262,2026-11-01,1228205610446.21,32966583670698.2
263,2026-12-01,1241172017695.53,33176776088171.3
264,2027-01-01,1256779609353.18,33388049039581.9
265,2027-02-01,1270999862195.39,33600622623630.6
266,2027-03-01,1283717940323.03,33814381228749.5
267,2027-04-01,1298653895512.14,34029199673712.3
268,2027-05-01,1309952367446.65,34245262781607.6
269,2027-06-01,1320128294244.21,34462267428830.7
270,2027-07-01,1332753781212.68,34680120069953.7
271,2027-08-01,1346123334362.29,34899024834990.7
272,2027-09-01,1358218448094.38,35119043729456.8
273,2027-10-01,1370844874026.32,35340070550067.2
274,2027-11-01,1384046928827.99,35562149572838.7
275,2027-12-01,1396800611865.11,35785328766843.6
276,2028-01-01,1412281799034.88,36009570767768.3
277,2028-02-01,1425971969622.3,36235102867623.8
278,2028-03-01,1438871553978.49,36461775815028.2
279,2028-04-01,1427458700687.63,36689523727795.7
280,2028-05-01,1423988347408.06,36916320569455.6
281,2028-06-01,1423582236465.44,37142828215008.9
282,2028-07-01,1431274651148.46,37369302017983.6
283,2028-08-01,1440586943581.74,37596416855515.2
284,2028-09-01,1449917559795.14,37824307717416.3
285,2028-10-01,1454246477141.7,38052976130668.5
286,2028-11-01,1462038262021.06,38282005287032.9
287,2028-12-01,1471501149147.35,38511683758803.9
288,2029-01-01,1480700501440.49,38742150804502.1
289,2029-02-01,1490219435820.55,38973384462891.4
290,2029-03-01,1497164299777.98,39205411365812.4
